direction,title,year,authors,venue,doi,url,citation_count,abstract,relevance_reason_cn,possible_inspiration_for_my_project_cn
A,Future and emerging supplementary cementitious materials,2023,Ruben Snellings; Prannoy Suraneni; Jørgen Skibsted,Cement and Concrete Research,10.1016/j.cemconres.2023.107199,https://doi.org/10.1016/j.cemconres.2023.107199,484,unclear,相关：命中主题关键词：cement、concrete、cementitious、carbonation、carbonated,可用于方向 A 的问题定位：结合 2023 年论文《Future and emerging supplementary cementitious materials》的题录和引用数 484，优先检查其方法、材料体系或评价指标是否可迁移到超重力-混凝土研究。
A,Comprehensive utilization of steel slag: A review,2023,Wenhao Gao; Wentao Zhou; Xianjun Lyu; Xiao Liu; Huili Su; Chuanming Li; Hui Wang,Powder Technology,10.1016/j.powtec.2023.118449,https://doi.org/10.1016/j.powtec.2023.118449,373,unclear,相关：命中主题关键词：steel slag、slag,可用于方向 A 的问题定位：结合 2023 年论文《Comprehensive utilization of steel slag: A review》的题录和引用数 373，优先检查其方法、材料体系或评价指标是否可迁移到超重力-混凝土研究。
A,Strategies for mitigation of climate change: a review,2020,Samer Fawzy; Ahmed I. Osman; John Doran; David W. Rooney,Environmental Chemistry Letters,10.1007/s10311-020-01059-w,https://doi.org/10.1007/s10311-020-01059-w,1428,"Abstract Climate change is defined as the shift in climate patterns mainly caused by greenhouse gas emissions from natural systems and human activities. So far, anthropogenic activities have caused about 1.0 °C of global warming above the pre-industrial level and this is likely to reach 1.5 °C between 2030 and 2052 if the current emission rates persist. In 2018, the world encountered 315 cases of natural disasters which are mainly related to the climate. Approximately 68.5 million people were affected, and economic losses amounted to $131.7 billion, of which storms, floods, wildfires and droughts accounted for approximately 93%. Economic losses attributed to wildfires in 2018 alone are almost equal to the collective losses from wildfires incurred over the past decade, which is quite alarming. Furthermore, food, water, health, ecosystem, human habitat and infrastructure have been identified as the most vulnerable sectors under climate attack. In 2015, the Paris agreement was introduced with the main objective of limiting global temperature increase to 2 °C by 2100 and pursuing efforts to limit the increase to 1.5 °C. This article reviews the main strategies for climate change abatement, namely conventional mitigation, negative emissions and radiative forcing geoengineering. Conventional mitigation technologies focus on reducing fossil-based CO 2 emissions. Negative emissions technologies are aiming to capture and sequester atmospheric carbon to reduce carbon dioxide levels. Finally, geoengineering techniques of radiative forcing alter the earth’s radiative energy budget to stabilize or reduce global temperatures. It is evident that conventional mitigation efforts alone are not sufficient to meet the targets stipulated by the Paris agreement; therefore, the utilization of alternative routes appears inevitable. While various technologies presented may still be at an early stage of development, biogenic-based sequestration techniques are to a certain extent mature and can be deployed immediately.",相关：命中主题关键词：concrete、carbonation、mineral carbonation、slag、process intensification,可用于方向 A 的问题定位：结合 2020 年论文《Strategies for mitigation of climate change: a review》的题录和引用数 1428，优先检查其方法、材料体系或评价指标是否可迁移到超重力-混凝土研究。
A,Biomass waste utilisation in low-carbon products: harnessing a major potential resource,2019,Nimisha Tripathi; Colin D. Hills; R. S. Singh; C. J. Atkinson,npj Climate and Atmospheric Science,10.1038/s41612-019-0093-5,https://doi.org/10.1038/s41612-019-0093-5,598,"Abstract The increasing demand for food and other basic resources from a growing population has resulted in the intensification of agricultural and industrial activities. The wastes generated from agriculture are a burgeoning problem, as their disposal, utilisation and management practices are not efficient or universally applied. Particularly in developing countries, most biomass residues are left in the field to decompose or are burned in the open, resulting in significant environmental impacts. Similarly, with rapid global urbanisation and the rising demand for construction products, alternative sustainable energy sources and raw material supplies are required. Biomass wastes are an under-utilised source of material (for both energy and material generation), and to date, there has been little activity focussing on a ‘low-carbon’ route for their valorisation. Thus, the present paper attempts to address this by reviewing the global availability of biomass wastes and their potential for use as a feedstock for the manufacture of high-volume construction materials. Although targeted at practitioners in the field of sustainable biomass waste management, this work may also be of interest to those active in the field of carbon emission reductions. We summarise the potential of mitigating CO 2 in a mineralisation step involving biomass residues, and the implications for CO 2 capture and utilisation (CCU) to produce construction products from both solid and gaseous wastes. This work contributes to the development of sustainable value-added lower embodied carbon products from solid waste. The approach will offer reduced carbon emissions and lower pressure on natural resources (virgin stone, soil etc.).",相关：命中主题关键词：carbonation、slag,可用于方向 A 的问题定位：结合 2019 年论文《Biomass waste utilisation in low-carbon products: harnessing a major potential resource》的题录和引用数 598，优先检查其方法、材料体系或评价指标是否可迁移到超重力-混凝土研究。
A,CO2 mineral carbonation using industrial solid wastes: A review of recent developments,2021,Weizao Liu; Liumei Teng; Sohrab Rohani; Zhifeng Qin; Bin Zhao; Chunbao Xu; Shan Ren; Qingcai Liu; Bin Liang,Chemical Engineering Journal,10.1016/j.cej.2021.129093,https://doi.org/10.1016/j.cej.2021.129093,464,unclear,相关：命中主题关键词：carbonation、mineral carbonation、steel slag、slag、process intensification,可用于方向 A 的问题定位：结合 2021 年论文《CO2 mineral carbonation using industrial solid wastes: A review of recent developments》的题录和引用数 464，优先检查其方法、材料体系或评价指标是否可迁移到超重力-混凝土研究。
A,Outlook of carbon capture technology and challenges,2018,Tabbi Wilberforce; Ahmad Baroutaji; Bassel Soudan; Abdul Hai Alami; A.G. Olabi,The Science of The Total Environment,10.1016/j.scitotenv.2018.11.424,https://doi.org/10.1016/j.scitotenv.2018.11.424,443,unclear,相关：命中主题关键词：carbonation、slag、process intensification,可用于方向 A 的问题定位：结合 2018 年论文《Outlook of carbon capture technology and challenges》的题录和引用数 443，优先检查其方法、材料体系或评价指标是否可迁移到超重力-混凝土研究。
A,Green remediation of As and Pb contaminated soil using cement-free clay-based stabilization/solidification,2019,Lei Wang; Dong-Wan Cho; Daniel C.W. Tsang; Xinde Cao; Deyi Hou; Zhengtao Shen; Daniel S. Alessi; Yong Sik Ok; Chi Sun Poon,Environment International,10.1016/j.envint.2019.02.057,https://doi.org/10.1016/j.envint.2019.02.057,335,"Stabilization/solidification (S/S) is a low-cost and high-efficiency remediation method for contaminated soils, however, conventional cement-based S/S method has environmental constraints and sustainability concerns. This study proposes a low-carbon, cement-free, clay-based approach for simultaneous S/S of As and Pb in the contaminated soil, and accordingly elucidates the chemical interactions between alkali-activated clay binders and potentially toxic elements. Quantitative X-ray diffraction and 27Al nuclear magnetic resonance analyses indicated that the addition of lime effectively activated the hydration of kaolinite clay, and the presence of limestone further enhanced the polymerization of hydrates. X-ray photoelectron spectroscopy showed that approximately 19% of As[III] was oxidized to As[V] in the alkali-activated clay system, which reduced toxicity and facilitated immobilization of As. During the cement-free S/S process, As and Pb consumed Ca(OH)2 and precipitated as Ca3(AsO4)2·4H2O and Pb3(NO3)(OH)5, respectively, accounting for the low leachability of As (7.0%) and Pb (5.4%). However, the reduced amount of Ca(OH)2 decreased the degree of hydration of clay minerals, and the pH buffering capacity of the contaminated soil hindered the pH increase. Sufficient dosage of lime was required for ensuring satisfactory solidification and contaminant immobilization of the clay-based S/S products. The leachability of As and Pb in high-Ca S/S treated soil samples was reduced by 96.2% and 98.8%, respectively. This is the first study developing a green and cement-free S/S of As- and Pb-contaminated soil using clay minerals as an environmentally compatible binding material.",相关：命中主题关键词：cement、concrete、carbonation、carbon dioxide curing、slag,可用于方向 A 的问题定位：结合 2019 年论文《Green remediation of As and Pb contaminated soil using cement-free clay-based stabilization/solidification》的题录和引用数 335，优先检查其方法、材料体系或评价指标是否可迁移到超重力-混凝土研究。
A,Technologies for the management of MSW incineration ashes from gas cleaning: New perspectives on recovery of secondary raw materials and circular economy,2018,Margarida J. Quina; Elza Bontempi; Anna Bogush; Stefan Schlumberger; Gisela Weibel; Roberto Braga; Valerio Funari; Jiří Hykš; Erik N. Rasmussen; Jakob Lederer,The Science of The Total Environment,10.1016/j.scitotenv.2018.04.150,https://doi.org/10.1016/j.scitotenv.2018.04.150,313,"Environmental policies in the European Union focus on the prevention of hazardous waste and aim to mitigate its impact on human health and ecosystems. However, progress is promoting a shift in perspective from environmental impacts to resource recovery. Municipal solid waste incineration (MSWI) has been increasing in developed countries, thus the amount of air pollution control residues (APCr) and fly ashes (FA) have followed the same upward trend. APCr from MSWI is classified as hazardous waste in the List of Waste (LoW) and as an absolute entry (19 01 07*), but FA may be classified as a mirror entry (19 0 13*/19 01 14). These properties arise mainly from their content in soluble salts, potentially toxic metals, trace organic pollutants and high pH in contact with water. Since these residues have been mostly disposed of in underground and landfills, other possibilities must be investigated to recover secondary raw materials and products. According to the literature, four additional routes of recovery have been found: detoxification (e.g. washing), product manufacturing (e.g. ceramic products and cement), practical applications (e.g. CO2 sequestration) and recovery of materials (e.g. Zn and salts). This work aims to identify the best available technologies for material recovery in order to avoid landfill solutions. Within this scope, six case studies are presented and discussed: recycling in lightweight aggregates, glass-ceramics, cement, recovery of zinc, rare metals and salts. Finally, future perspectives are provided to advance understanding of this anthropogenic waste as a source of resources, yet tied to safeguards for the environment.",相关：命中主题关键词：cement、carbonation、slag,可用于方向 A 的问题定位：结合 2018 年论文《Technologies for the management of MSW incineration ashes from gas cleaning: New perspectives on recovery of secondary raw materials and circular economy》的题录和引用数 313，优先检查其方法、材料体系或评价指标是否可迁移到超重力-混凝土研究。
A,"Harnessing the power of machine learning for carbon capture, utilisation, and storage (CCUS) – a state-of-the-art review",2021,Yongliang Yan; Yongliang Yan; Tohid N. Borhani; Sai Gokul Subraveti; Kasturi Nagesh Pai; Vinay Prasad; Arvind Rajendran; Paula Nkulikiyinka; Jude O. Asibor; Zhien Zhang; Ding Shao; Lijuan Wang; Wenbiao Zhang; Yong Yan; Yong Yan; William Ampomah; Junyu You; Meihong Wang; Edward J. Anthony; Vasilije Manović; Peter T. Clough,Energy & Environmental Science,10.1039/d1ee02395k,https://doi.org/10.1039/d1ee02395k,287,"A review of the state-of-the-art applications of machine learning for CO 2 capture, transport, storage, and utilisation.",相关：命中主题关键词：carbonation、mineral carbonation、rotating packed bed,"可用于方向 A 的问题定位：结合 2021 年论文《Harnessing the power of machine learning for carbon capture, utilisation, and storage (CCUS) – a state-of-the-art review》的题录和引用数 287，优先检查其方法、材料体系或评价指标是否可迁移到超重力-混凝土研究。"
A,Valorization of sewage sludge in the fabrication of construction and building materials: A review,2019,Zhiyang Chang; Guangcheng Long; John L. Zhou; Cong Ma,Resources Conservation and Recycling,10.1016/j.resconrec.2019.104606,https://doi.org/10.1016/j.resconrec.2019.104606,273,unclear,相关：命中主题关键词：cement、carbonation、slag,可用于方向 A 的问题定位：结合 2019 年论文《Valorization of sewage sludge in the fabrication of construction and building materials: A review》的题录和引用数 273，优先检查其方法、材料体系或评价指标是否可迁移到超重力-混凝土研究。
B,Advances in lightweight composite structures and manufacturing technologies: A comprehensive review,2024,Resego Phiri; Sanjay Mavinkere Rangappa; Suchart Siengchin; Oluseyi Philip Oladijo; Togay Ozbakkaloglu,Heliyon,10.1016/j.heliyon.2024.e39661,https://doi.org/10.1016/j.heliyon.2024.e39661,142,"The field of lightweight composite structures has witnessed significant advancements in recent years, revolutionizing numerous industries through their exceptional combination of strength, weight reduction and versatility. This review paper provides a comprehensive and in-depth analysis of these ground breaking materials. It elucidates fundamental concepts of lightweight composite structures, exploring their composition, classification, physical and mechanical properties as well as recent strides in their engineering applications. Crucially, this review highlights the recent progress and developments of lightweight composite materials. From aerospace to automotive, from construction to sporting goods, these advanced materials are transforming various industries by combining strength with reduced weight. Emphasizing the role of lightweight composites in energy-efficient systems, the paper underscores their significance in resource optimization and sustainable engineering practices. A detailed examination of various types of composites, such as polymer matrix composites, ceramic matrix composites and metal matrix composites, will be presented, highlighting their specific advantages and applications. Moving forward, the review delves into the diverse fabrication methods employed to create these advanced materials. This comprehensive paper serves as a valuable resource for researchers, engineers, and industry professionals seeking to capitalize on the benefits of lightweight composite materials. By presenting a holistic view of composites' classification, properties, and recent advancements, this study fosters innovation and propels the integration of lightweight composite materials into diverse engineering applications, ultimately driving progress towards a more efficient, sustainable, and technologically advanced future.",相关：命中主题关键词：cement、concrete、centrifugal casting,可用于方向 B 的问题定位：结合 2024 年论文《Advances in lightweight composite structures and manufacturing technologies: A comprehensive review》的题录和引用数 142，优先检查其方法、材料体系或评价指标是否可迁移到超重力-混凝土研究。
B,Recent Trends in Treatment and Fabrication of Plant-Based Fiber-Reinforced Epoxy Composite: A Review,2023,Abdullahi Haruna Birniwa; Shehu Sa’ad Abdullahi; Mujahid Ali; Rania Edrees Adam Mohammad; Ahmad Hussaini Jagaba; Mugahed Amran; Siva Avudaiappan; Nelson Maureira-Carsalade; Erick I. Saavedra Flores,Journal of Composites Science,10.3390/jcs7030120,https://doi.org/10.3390/jcs7030120,115,"Natural fiber (NF) is one of the many resources that nature has provided. NFs decompose quickly and are biodegradable, renewable, and cost-effective. It may be scavenged from a variety of plant and animal sources. They are employed as reinforcing materials in polymers for NF composite development. Because of its environmental friendliness and long-term survivability, NF is growing in appeal among academics and researchers for usage in polymer composites. This study aims to offer a thorough evaluation of the most suitable and widely utilized natural fiber-reinforced polymer composites (NFPCs), along with their manufacture, processing, and applications. It also defines several external treatments of NF and their influence on the characteristics of NFPCs. The characteristics of NFPCs are affected by fiber supply, fiber type, and fiber structure. Numerous physical and chemical treatments were tested to see how they affected the thermal and strength properties of natural fiber-reinforced thermoplastic and thermosetting composites. Several polymer composite fabrication techniques were also studied. NFPCs have several disadvantages, notably low fire protection, poor strength properties, and greater moisture absorption, which have prevented their application. It is shown how NFPCs are employed in a variety of industries, particularly automotive and research industries. The review discovered that intentionally changing the regular fiber enhanced the thermochemical and physico-mechanical properties of the NFPCs by means of improving the grip between the fiber surface and the polymer framework. This study aims to provide important and fundamental facts on NF and their composites, which will aid in new investigations, the creation of a creative framework for polymer composite types, and the achievement of Sustainable Development Goals.",相关：命中主题关键词：concrete、centrifugal casting,可用于方向 B 的问题定位：结合 2023 年论文《Recent Trends in Treatment and Fabrication of Plant-Based Fiber-Reinforced Epoxy Composite: A Review》的题录和引用数 115，优先检查其方法、材料体系或评价指标是否可迁移到超重力-混凝土研究。
B,Functionally graded materials classifications and development trends from industrial point of view,2019,Islam M. El-Galy; Bassiouny Saleh; Mahmoud H. Ahmed,SN Applied Sciences,10.1007/s42452-019-1413-4,https://doi.org/10.1007/s42452-019-1413-4,264,unclear,相关：命中主题关键词：concrete、centrifugal casting,可用于方向 B 的问题定位：结合 2019 年论文《Functionally graded materials classifications and development trends from industrial point of view》的题录和引用数 264，优先检查其方法、材料体系或评价指标是否可迁移到超重力-混凝土研究。
B,Advancements in Fiber-Reinforced Polymer Composites: A Comprehensive Analysis,2023,Alin Diniță; Răzvan George Rîpeanu; Costin Nicolae Ilincă; Diana Cursaru; Dănuţa Matei; Ibrahim Ramadan; Maria Tănase; Alexandra Ileana Portoacă,Polymers,10.3390/polym16010002,https://doi.org/10.3390/polym16010002,106,"Composites made from fiber-reinforced polymers (FRPs) are a crucial and highly adaptable category of materials widely utilized in numerous fields. Their flexibility and the range of criteria for classification enable the creation of tailored solutions to address distinct requirements in sectors such as civil engineering, aerospace, automotive, and marine, among others. The distinguishing characteristics of FRP composites include the type of reinforcing fiber used, the composition of the matrix material, the employed manufacturing process, the orientation of the fibers, and the specific end-use application. These classification variables offer engineers a versatile structure to determine and select the most appropriate materials and production techniques for their specific needs. Furthermore, the present study aims to reunite the criteria of classification for FRPs and specific manufacturing technologies of FRPs, such as conventional ones (matched die molding, contact molding), automated ones (filament winding, tape lay-up, and fiber placement), and advanced ones (electrospinning and additive manufacturing),with the chronological development of FRPs, insights on material characteristics, and comprehensive design guidelines based on their behavior in different environments of use.",相关：命中主题关键词：cement、concrete、centrifugal casting,可用于方向 B 的问题定位：结合 2023 年论文《Advancements in Fiber-Reinforced Polymer Composites: A Comprehensive Analysis》的题录和引用数 106，优先检查其方法、材料体系或评价指标是否可迁移到超重力-混凝土研究。
B,Novel Applications of Aluminium Metal Matrix Composites,2019,Francis Nturanabo; Leonard Masu; John Baptist Kirabira,IntechOpen eBooks,10.5772/intechopen.86225,https://doi.org/10.5772/intechopen.86225,144,"Advanced materials have offered the materials designer a wide range of options in the specification and selection of materials for various applications. Material properties are continually being improved to meet safety and operational standards in line with prevailing technological developments. Modern technological requirements, together with the consumers’ demands for systems and machines that are more energy efficient, stronger, light-weight, cost-effective, etc., dictate that the search for new and advanced materials will remain a subject of interest all the time. The difficulty in designing materials for such stringent specifications cannot be overstated, owing to the conflicting nature of these specifications. Aluminium metal matrix composites (AlMMCs) are a class of materials that have proven successful in meeting most of the rigorous specifications in applications where light-weight, high stiffness and moderate strength are the requisite properties. With a variety of reinforcement materials and flexibility in their primary processing, AlMMCs offer great potential for the development of composites with the desired properties for certain applications. In this review, the development, utilisation and future potential of AlMMCs in various industrial and commercial applications is discussed, together with the existing challenges hindering their full market penetration.",相关：命中主题关键词：cement、concrete、centrifugal casting,可用于方向 B 的问题定位：结合 2019 年论文《Novel Applications of Aluminium Metal Matrix Composites》的题录和引用数 144，优先检查其方法、材料体系或评价指标是否可迁移到超重力-混凝土研究。
B,Recent Progress in Hybrid Aluminum Composite: Manufacturing and Application,2021,Elvira Wahyu Arum Fanani; Eko Surojo; Aditya Rio Prabowo; Hammar Ilham Akbar,Metals,10.3390/met11121919,https://doi.org/10.3390/met11121919,76,"Due to their excellent properties, the requirement for materials with higher characteristics has transformed primary alloy into composite materials. Composites are particularly essential for various applications in numerous engineering purposes because of their superior mechanical, physical, and machining qualities. Compared to traditional materials, aluminum composite has various advantages and superior characteristics. To reduce production costs and obtain the desired properties, the researchers developed a hybrid aluminum matrix composite (HAMC), an AMC with two or more types of reinforcement. Further studies were conducted to improve the qualities and manufacturing processes of composites to improve their properties. Various methods are available to HAMC manufacturing, and different manufacturing methods result in different characteristics of HAMC composites, viewed from physical properties, mechanical properties, and production cost. In addition, differences in the type, size, and amount of reinforcement produce various hybrid composite properties, especially in the physical properties, mechanical properties, and tribological behavior of HAMC. This work presents a comprehensive review of recent progress in HAMC study with various reinforcement particles, manufacturing techniques, physical, mechanical, and tribological properties of HAMC. On the other side, this work provides discussion for application, challenges, and future work conducted for HAMC development.",相关：命中主题关键词：cement、concrete、centrifugal casting,可用于方向 B 的问题定位：结合 2021 年论文《Recent Progress in Hybrid Aluminum Composite: Manufacturing and Application》的题录和引用数 76，优先检查其方法、材料体系或评价指标是否可迁移到超重力-混凝土研究。
B,"Functionally graded materials (FGMs): A review of classifications, fabrication methods and their applications",2021,Majid Mohammadi; Masoud Rajabi; Majid Ghadiri,Processing and Application of Ceramics,10.2298/pac2104319m,https://doi.org/10.2298/pac2104319m,71,"Functionally graded materials (FGMs) are new materials whose properties change gradually in respect to their dimensions. This group of materials shows a tremendous improvement of previously used composite materials. FGM consists of two or more materials whose combination enables the achievement of specified properties in accordance with the desired application. The article gives an overview of different classifications, various fabrication methods and applications of the FGMs. It could also provide insight and perspective for researchers, university students and research and development teams since it has brought together diverse aspects of FGMs. As mentioned in section two, we took all FGMs fabrication methods under consideration, giving the reader an insight into how to make a product while satisfying the conditions of financial and mechanical efficiency. The classification section specifically goes over structures, types of gradients, sizes/scales, state of matter and finishes with the manufacturing processes. Section two deep dives into the fabrication methods used in the FGMs, which are divided into three sub-sections, including gas-based, liquid-based and solid-based. Lastly, various applications of the FGMs in different fields and industries, namely aerospace, energy, medicine, military, manufacturing and eventually other applications, are demonstrated.",相关：命中主题关键词：concrete、centrifugal casting,"可用于方向 B 的问题定位：结合 2021 年论文《Functionally graded materials (FGMs): A review of classifications, fabrication methods and their applications》的题录和引用数 71，优先检查其方法、材料体系或评价指标是否可迁移到超重力-混凝土研究。"
B,Prediction of the Compressive Strength of Vibrocentrifuged Concrete Using Machine Learning Methods,2024,Alexey N. Beskopylny; Sergey A. Stel’makh; Evgenii M. Shcherban’; Levon R. Mailyan; Besarion Meskhi; Irina Razveeva; Alexey Kozhakin; Anton Pembek; Diana El’shaeva; Andrei Chernil’nik; Nikita Beskopylny,Buildings,10.3390/buildings14020377,https://doi.org/10.3390/buildings14020377,26,"The determination of mechanical properties for different building materials is a highly relevant and practical field of application for machine learning (ML) techniques within the construction sector. When working with vibrocentrifuged concrete products and structures, it is crucial to consider factors related to the impact of aggressive environments. Artificial intelligence methods can enhance the prediction of vibrocentrifuged concrete properties through the use of specialized machine learning algorithms for materials’ strength determination. The aim of this article is to establish and evaluate machine learning algorithms, specifically Linear Regression (LR), Support Vector Regression (SVR), Random Forest (RF), CatBoost (CB), for the prediction of compressive strength in vibrocentrifuged concrete under diverse aggressive operational conditions. This is achieved by utilizing a comprehensive database of experimental values obtained in laboratory settings. The following metrics were used to analyze the accuracy of the constructed regression models: Mean Absolute Error (MAE), Mean Squared Error (MSE), Root-Mean-Square Error (RMSE), Mean Absolute Percentage Error (MAPE) and coefficient of determination (R2). The average MAPE in the range from 2% (RF, CB) to 7% (LR, SVR) allowed us to draw conclusions about the possibility of using “smart” algorithms in the development of compositions and quality control of vibrocentrifuged concrete, which ultimately entails the improvement and acceleration of the construction and building materials manufacture. The best model, CatBoost, showed MAE = 0.89, MSE = 4.37, RMSE = 2.09, MAPE = 2% and R2 = 0.94.",相关：命中主题关键词：cement、concrete、cementitious、centrifuged concrete,可用于方向 B 的问题定位：结合 2024 年论文《Prediction of the Compressive Strength of Vibrocentrifuged Concrete Using Machine Learning Methods》的题录和引用数 26，优先检查其方法、材料体系或评价指标是否可迁移到超重力-混凝土研究。
B,Experimental Investigation on the Influence of Strength Grade on the Surface Fractal Dimension of Concrete under Sulfuric Acid Attack,2024,Jie Xiao; Hehui Zeng; Huanqiang Huang; Lingfei Liu; Long Li; Bingxiang Yuan; Zucai Zhong,Buildings,10.3390/buildings14030713,https://doi.org/10.3390/buildings14030713,24,"The corrosion of alkaline concrete materials exposed to a sulfuric acid environment is becoming more and more prevalent, and its damage assessment is becoming more and more imperative. This study aims to describe the corroded surfaces of concrete with different strength grades (C30, C50, C80) in sulfuric acid environments in terms of their three-dimensional fractal dimension. Three kinds of concrete with varying strength grades, namely C30, C50, and C80, were immersed in a sulfuric acid solution with pH ≈ 0.85 for four distinct corrosion durations, specifically 0, 28, 56, and 165 days, in accelerated corrosion tests. The 3D laser scanning technique was utilized to capture the 3D coordinates of the surface points of the concrete cylinder before and after corrosion. The fractal dimension of concrete’s uneven surface before and after corrosion was computed via the cube covering method, and the mass loss of the concrete specimen was also obtained. The outcomes demonstrate that the three-dimensional fractal dimension provides a new method for characterizing the degree of corrosion deterioration of concrete samples affected by sulfuric acid via laser scanning technology. From the perspective of the appearance, mass loss, and fractal dimension of a rough surface in the sulfuric acid environment at a pH level of approximately 0.85, the degree of the corrosion deterioration of concrete is ranked from high to low as C80 &gt; C50 &gt; C30. These fractal dimensions of the concrete’s corroded surfaces with various strength grades increase rapidly in the initial period. However, as the corrosion time progresses, the growth rate of the corroded surface fractal dimension gradually decelerates and tends towards stability, which accords with the law of exponential function. The widespread belief is that the higher the strength grade of concrete, the better its durability; however, this pattern varies in sulfuric acid corrosive environments. Therefore, based on this research, it is recommended that in extremely acidic environments (i.e., very low pH), more attention should be paid to high-strength grades of concrete.",相关：命中主题关键词：cement、concrete、cementitious,可用于方向 B 的问题定位：结合 2024 年论文《Experimental Investigation on the Influence of Strength Grade on the Surface Fractal Dimension of Concrete under Sulfuric Acid Attack》的题录和引用数 24，优先检查其方法、材料体系或评价指标是否可迁移到超重力-混凝土研究。
B,Predicting load–displacement of driven PHC pipe piles using stacking ensemble with Pareto optimization,2024,Tram Bui-Ngoc; Tan Nguyen; Minh-The Nguyen-Quang; Jim Shiau,Engineering Structures,10.1016/j.engstruct.2024.118574,https://doi.org/10.1016/j.engstruct.2024.118574,23,unclear,相关：命中主题关键词：cement、concrete、pipe pile,可用于方向 B 的问题定位：结合 2024 年论文《Predicting load–displacement of driven PHC pipe piles using stacking ensemble with Pareto optimization》的题录和引用数 23，优先检查其方法、材料体系或评价指标是否可迁移到超重力-混凝土研究。
C,"Roles of carbonated recycled fines and aggregates in hydration, microstructure and mechanical properties of concrete: A critical review",2023,Tong Zhang; Meng Chen; Yuting Wang; Mingzhong Zhang,Cement and Concrete Composites,10.1016/j.cemconcomp.2023.104994,https://doi.org/10.1016/j.cemconcomp.2023.104994,170,unclear,相关：命中主题关键词：cement、concrete、cementitious、carbonation、carbonated,"可用于方向 C 的问题定位：结合 2023 年论文《Roles of carbonated recycled fines and aggregates in hydration, microstructure and mechanical properties of concrete: A critical review》的题录和引用数 170，优先检查其方法、材料体系或评价指标是否可迁移到超重力-混凝土研究。"
C,Physico-chemical characterization of cupola slag: Enhancing its utility in construction,2024,Sangita Meshram; S. P. Raut; Jayant Giri; T. Sathish; Salahuddin Khan; Pallavi Giri,AIP Advances,10.1063/5.0219629,https://doi.org/10.1063/5.0219629,158,"Cupola slag is a waste material of the steel and iron industries. Its composition is determined by the cupola furnace and other elements used in steel and iron manufacturing. This paper investigates the characterization behavior of various cupola slag materials. As a result, x-ray fluorescence (XRF), x-ray diffraction (XRD), thermogravimetry differential thermal analysis, and scanning electron microscopy (SEM) methods were used to characterize three cupola slag samples from distinct origins. In addition, various physical properties were used to compare different cupola slags. The specific gravity values of CS-1 (cupola slag-1 sample), CS-2 (cupola slag-2 sample), and CS-3 (cupola slag-3 sample) are 1.36, 2.5, and 2.917, respectively. The density and water absorption for CS-1, CS-2, and CS-3 are 1414.86, 1477.71, and 1796 kg/m3, and 0.37%, 0.32%, and 0.26%, respectively. Cupola slag also includes a larger percentage of lime, according to XRF data, which contributes to its improved binding characteristics. A higher calcium oxide content in CS-3 could facilitate the pozzolanic process. The presence of angular particles that aid in material binding is seen in the SEM image. Compounds with a nanostructure are then flawlessly blended into the mixture and grouped with calcium alumina silicates formed by cement hydration. The XRD pattern of cupola slag exhibits high peaks, indicating that the material is crystalline in character and can be utilized as sand. It also shows the presence of other chemical compounds, such as silica, which ranges from 30% to 45%. CS-1 and CS-2 have comparable XRD patterns. However, CS-3 has a somewhat different pattern because of the greater CaO content. Weight loss begins at higher temperatures, which shows that the material is stable at higher temperatures, according to a thermo-gravimetric study. The differential thermal analysis curve of CS-3 indicates that the material remains stable up to a temperature of 600 °C. The physical characteristics of all cupola slag samples show that cupola slag may be utilized to make sustainable building materials because of its lower specific gravity, density, and water absorption.",相关：命中主题关键词：cement、slag、cement hydration,可用于方向 C 的问题定位：结合 2024 年论文《Physico-chemical characterization of cupola slag: Enhancing its utility in construction》的题录和引用数 158，优先检查其方法、材料体系或评价指标是否可迁移到超重力-混凝土研究。
C,3D printing using concrete extrusion: A roadmap for research,2018,Richard Buswell; W.R. Leal de Silva; Scott Z. Jones; Justin Dirrenberger,Cement and Concrete Research,10.1016/j.cemconres.2018.05.006,https://doi.org/10.1016/j.cemconres.2018.05.006,1465,"Large-scale additive manufacturing processes for construction utilise computer-controlled placement of extruded cement-based mortar to create physical objects layer-by-layer. Demonstrated applications include component manufacture and placement of in-situ walls for buildings. These applications vary the constraints on design parameters and present different technical issues for the production process. In this paper, published and new work are utilised to explore the relationship between fresh and hardened paste, mortar, and concrete material properties and how they influence the geometry of the created object. Findings are classified by construction application to create a matrix of issues that identifies the spectrum of future research exploration in this emerging field.",相关：命中主题关键词：cement、concrete、cement hydration,可用于方向 C 的问题定位：结合 2018 年论文《3D printing using concrete extrusion: A roadmap for research》的题录和引用数 1465，优先检查其方法、材料体系或评价指标是否可迁移到超重力-混凝土研究。
C,Digital Concrete: A Review,2019,Timothy Wangler; Nicolas Roussel; Freek Bos; T.A.M. Salet; Robert J. Flatt,Cement and Concrete Research,10.1016/j.cemconres.2019.105780,https://doi.org/10.1016/j.cemconres.2019.105780,566,unclear,相关：命中主题关键词：cement、concrete,可用于方向 C 的问题定位：结合 2019 年论文《Digital Concrete: A Review》的题录和引用数 566，优先检查其方法、材料体系或评价指标是否可迁移到超重力-混凝土研究。
C,"Extrusion-based additive manufacturing with cement-based materials – Production steps, processes, and their underlying physics: A review",2020,Viktor Mechtcherine; Freek Bos; Arnaud Perrot; W.R. Leal da Silva; Venkatesh Naidu Nerella; Shirin Fataei; Rob Wolfs; Mohammed Sonebi; Nicolas Roussel,Cement and Concrete Research,10.1016/j.cemconres.2020.106037,https://doi.org/10.1016/j.cemconres.2020.106037,546,"This article offers a comprehensive overview of the underlying physics relevant to an understanding of materials processing during the various production steps in extrusion-based 3D concrete printing (3DCP). Understanding the physics governing the processes is an important step towards the purposeful design and optimization of 3DCP systems as well as their efficient and robust process control. For some processes, analytical formulas based on the relevant physics have already enabled reasonable predictions with respect to material flow behavior and buildability, especially in the case of relatively simple geometries. The existing research in the field was systematically compiled by the authors in the framework of the activities of the RILEM Technical Committee 276 “Digital fabrication with cement-based materials”. However, further research is needed to develop reliable tools for the quantitative analysis of the entire process chain. To achieve this, experimental efforts for the characterization of material properties need to go hand in hand with comprehensive numerical simulation.",相关：命中主题关键词：cement、concrete、cement hydration,"可用于方向 C 的问题定位：结合 2020 年论文《Extrusion-based additive manufacturing with cement-based materials – Production steps, processes, and their underlying physics: A review》的题录和引用数 546，优先检查其方法、材料体系或评价指标是否可迁移到超重力-混凝土研究。"
C,Improving printability of limestone-calcined clay-based cementitious materials by using viscosity-modifying admixture,2020,Yu Chen; Stefan Chaves Figueiredo; Zhenming Li; Ze Chang; Koen Jansen; Oğuzhan Çopuroğlu; Erik Schlangen,Cement and Concrete Research,10.1016/j.cemconres.2020.106040,https://doi.org/10.1016/j.cemconres.2020.106040,283,"In 3D concrete printing (3DCP), it is necessary to meet contradicting rheological requirements: high fluidity during pumping and extrusion, and high stability and viscosity at rest to build the layered structure. In this paper, the impact of the hydroxypropyl methylcellulose (HPMC)-based viscosity-modifying admixture (VMA) on the 3D printability and mechanical performance of a limestone and calcined clay based cementitious material is investigated. A combination of VMA and superplasticizer was used for that purpose. In this case, controlling the competitive effects between VMA and superplasticizer becomes critical. The main strategy for 3D printing in this study was to add an optimal dosage of VMA in the solid suspension that was already mixed with water and superplasticizer. A lab-scale 3DCP setup was developed and demonstrated as well. A series of tests was performed to characterize the effects of VMA on flowability, extrudability, open time, buildability, green strength, hydration, compressive strength, and air void content and distribution. Experiments performed in this study showed that the mixture containing 0.24% (of the binder mass) of VMA exhibited satisfactory 3D printability and optimal mechanical performance. Finally, the results, limitations, and perspectives of the current research were discussed.",相关：命中主题关键词：cement、concrete、cementitious,可用于方向 C 的问题定位：结合 2020 年论文《Improving printability of limestone-calcined clay-based cementitious materials by using viscosity-modifying admixture》的题录和引用数 283，优先检查其方法、材料体系或评价指标是否可迁移到超重力-混凝土研究。
C,Valorization of sewage sludge in the fabrication of construction and building materials: A review,2019,Zhiyang Chang; Guangcheng Long; John L. Zhou; Cong Ma,Resources Conservation and Recycling,10.1016/j.resconrec.2019.104606,https://doi.org/10.1016/j.resconrec.2019.104606,273,unclear,相关：命中主题关键词：cement、carbonation、slag,可用于方向 C 的问题定位：结合 2019 年论文《Valorization of sewage sludge in the fabrication of construction and building materials: A review》的题录和引用数 273，优先检查其方法、材料体系或评价指标是否可迁移到超重力-混凝土研究。
C,Recent advances on yield stress and elasticity of fresh cement-based materials,2019,Nicolas Roussel; Hela Bessaies-Bey; Shiho Kawashima; Delphine Marchon; Ksenija Vasilić; Rob Wolfs,Cement and Concrete Research,10.1016/j.cemconres.2019.105798,https://doi.org/10.1016/j.cemconres.2019.105798,237,unclear,相关：命中主题关键词：cement、concrete,可用于方向 C 的问题定位：结合 2019 年论文《Recent advances on yield stress and elasticity of fresh cement-based materials》的题录和引用数 237，优先检查其方法、材料体系或评价指标是否可迁移到超重力-混凝土研究。
C,"Effect of nano-silica particles on the hydration, the rheology and the strength development of a blended cement paste",2018,F. Lavergne; Rachid Belhadi; J. Carriat; Amor Ben Fraj,Cement and Concrete Composites,10.1016/j.cemconcomp.2018.10.007,https://doi.org/10.1016/j.cemconcomp.2018.10.007,200,unclear,相关：命中主题关键词：cement、concrete、cement paste,"可用于方向 C 的问题定位：结合 2018 年论文《Effect of nano-silica particles on the hydration, the rheology and the strength development of a blended cement paste》的题录和引用数 200，优先检查其方法、材料体系或评价指标是否可迁移到超重力-混凝土研究。"
C,"Significance of mechanical loading in bone fracture healing, bone regeneration, and vascularization",2023,Qianli Ma; Zahra Miri; Håvard Jostein Haugen; Amirhossein Moghanian; Dagnjia Loca,Journal of Tissue Engineering,10.1177/20417314231172573,https://doi.org/10.1177/20417314231172573,142,"In 1892, J.L. Wolff proposed that bone could respond to mechanical and biophysical stimuli as a dynamic organ. This theory presents a unique opportunity for investigations on bone and its potential to aid in tissue repair. Routine activities such as exercise or machinery application can exert mechanical loads on bone. Previous research has demonstrated that mechanical loading can affect the differentiation and development of mesenchymal tissue. However, the extent to which mechanical stimulation can help repair or generate bone tissue and the related mechanisms remain unclear. Four key cell types in bone tissue, including osteoblasts, osteoclasts, bone lining cells, and osteocytes, play critical roles in responding to mechanical stimuli, while other cell lineages such as myocytes, platelets, fibroblasts, endothelial cells, and chondrocytes also exhibit mechanosensitivity. Mechanical loading can regulate the biological functions of bone tissue through the mechanosensor of bone cells intraosseously, making it a potential target for fracture healing and bone regeneration. This review aims to clarify these issues and explain bone remodeling, structure dynamics, and mechano-transduction processes in response to mechanical loading. Loading of different magnitudes, frequencies, and types, such as dynamic versus static loads, are analyzed to determine the effects of mechanical stimulation on bone tissue structure and cellular function. Finally, the importance of vascularization in nutrient supply for bone healing and regeneration was further discussed.",相关：命中主题关键词：cement、hypergravity,"可用于方向 C 的问题定位：结合 2023 年论文《Significance of mechanical loading in bone fracture healing, bone regeneration, and vascularization》的题录和引用数 142，优先检查其方法、材料体系或评价指标是否可迁移到超重力-混凝土研究。"
D,Future and emerging supplementary cementitious materials,2023,Ruben Snellings; Prannoy Suraneni; Jørgen Skibsted,Cement and Concrete Research,10.1016/j.cemconres.2023.107199,https://doi.org/10.1016/j.cemconres.2023.107199,484,unclear,相关：命中主题关键词：cement、concrete、cementitious、carbonation、carbonated,可用于方向 D 的问题定位：结合 2023 年论文《Future and emerging supplementary cementitious materials》的题录和引用数 484，优先检查其方法、材料体系或评价指标是否可迁移到超重力-混凝土研究。
D,Green construction for low-carbon cities: a review,2023,Lin Chen; Lepeng Huang; Jianmin Hua; Zhonghao Chen; Lilong Wei; Ahmed I. Osman; Samer Fawzy; David W. Rooney; Liang Dong; Pow‐Seng Yap,Environmental Chemistry Letters,10.1007/s10311-022-01544-4,https://doi.org/10.1007/s10311-022-01544-4,304,"Abstract The construction industry is a major user of non-renewable energy and contributor to emission of greenhouse gases, thus requiring to achieve net-zero carbon emissions by 2050. Indeed, construction activities account for 36% of global energy consumption and 39% of global carbon dioxide emissions. Reducing carbon emissions requires adapted government policies, carbon emission analysis and calculation models, and sustainable materials. Here, we review green construction with focus on history, carbon emissions, policies, models, life cycle assessment, and sustainable materials such as biochar, bioplastic, agricultural waste, animal wool, fly ash and self-healing concrete. Analysis of carbon emissions over the building life cycle shows that the construction phase accounts for 20–50% of total carbon emissions. The average ratio of construction phase annual emissions to operation phase emissions is 0.62. We present national policy frameworks and technology roadmaps from the United States of America, Japan, China, and the European Union, highlighting plans to achieve carbon neutrality in the building sector.",相关：命中主题关键词：concrete、carbon dioxide curing,可用于方向 D 的问题定位：结合 2023 年论文《Green construction for low-carbon cities: a review》的题录和引用数 304，优先检查其方法、材料体系或评价指标是否可迁移到超重力-混凝土研究。
D,Strategies for mitigation of climate change: a review,2020,Samer Fawzy; Ahmed I. Osman; John Doran; David W. Rooney,Environmental Chemistry Letters,10.1007/s10311-020-01059-w,https://doi.org/10.1007/s10311-020-01059-w,1428,"Abstract Climate change is defined as the shift in climate patterns mainly caused by greenhouse gas emissions from natural systems and human activities. So far, anthropogenic activities have caused about 1.0 °C of global warming above the pre-industrial level and this is likely to reach 1.5 °C between 2030 and 2052 if the current emission rates persist. In 2018, the world encountered 315 cases of natural disasters which are mainly related to the climate. Approximately 68.5 million people were affected, and economic losses amounted to $131.7 billion, of which storms, floods, wildfires and droughts accounted for approximately 93%. Economic losses attributed to wildfires in 2018 alone are almost equal to the collective losses from wildfires incurred over the past decade, which is quite alarming. Furthermore, food, water, health, ecosystem, human habitat and infrastructure have been identified as the most vulnerable sectors under climate attack. In 2015, the Paris agreement was introduced with the main objective of limiting global temperature increase to 2 °C by 2100 and pursuing efforts to limit the increase to 1.5 °C. This article reviews the main strategies for climate change abatement, namely conventional mitigation, negative emissions and radiative forcing geoengineering. Conventional mitigation technologies focus on reducing fossil-based CO 2 emissions. Negative emissions technologies are aiming to capture and sequester atmospheric carbon to reduce carbon dioxide levels. Finally, geoengineering techniques of radiative forcing alter the earth’s radiative energy budget to stabilize or reduce global temperatures. It is evident that conventional mitigation efforts alone are not sufficient to meet the targets stipulated by the Paris agreement; therefore, the utilization of alternative routes appears inevitable. While various technologies presented may still be at an early stage of development, biogenic-based sequestration techniques are to a certain extent mature and can be deployed immediately.",相关：命中主题关键词：concrete、carbonation、mineral carbonation、slag、process intensification,可用于方向 D 的问题定位：结合 2020 年论文《Strategies for mitigation of climate change: a review》的题录和引用数 1428，优先检查其方法、材料体系或评价指标是否可迁移到超重力-混凝土研究。
D,The utilization of eco-friendly recycled powder from concrete and brick waste in new concrete: A critical review,2020,Qin Tang; Zhiming Ma; Huixia Wu; Wan Wang,Cement and Concrete Composites,10.1016/j.cemconcomp.2020.103807,https://doi.org/10.1016/j.cemconcomp.2020.103807,504,unclear,相关：命中主题关键词：cement、concrete、cementitious、co2 curing,可用于方向 D 的问题定位：结合 2020 年论文《The utilization of eco-friendly recycled powder from concrete and brick waste in new concrete: A critical review》的题录和引用数 504，优先检查其方法、材料体系或评价指标是否可迁移到超重力-混凝土研究。
D,Recent Progress in Green Cement Technology Utilizing Low-Carbon Emission Fuels and Raw Materials: A Review,2019,Ali Naqi; Jeong Gook Jang,Sustainability,10.3390/su11020537,https://doi.org/10.3390/su11020537,386,"The cement industry is facing numerous challenges in the 21st century due to depleting natural fuel resources, shortage of raw materials, exponentially increasing cement demand and climate linked environmental concerns. Every tonne of ordinary Portland cement (OPC) produced releases an equivalent amount of carbon dioxide to the atmosphere. In this regard, cement manufactured from locally available minerals and industrial wastes that can be blended with OPC as substitute, or full replacement with novel clinkers to reduce the energy requirements is strongly desirable. Reduction in energy consumption and carbon emissions during cement manufacturing can be achieved by introducing alternative cements. The potential of alternative cements as a replacement of conventional OPC can only be fully realized through detailed investigation of binder properties with modern technologies. Seven prominent alternative cement types are considered in this study and their current position compared to OPC has been discussed. The study provides a comprehensive analysis of options for future cements, and an up-to-date summary of the different alternative fuels and binders that can be used in cement production to mitigate carbon dioxide emissions. In addition, the practicalities and benefits of producing the low-cost materials to meet the increasing cement demand are discussed.",相关：命中主题关键词：cement、concrete、carbonation,可用于方向 D 的问题定位：结合 2019 年论文《Recent Progress in Green Cement Technology Utilizing Low-Carbon Emission Fuels and Raw Materials: A Review》的题录和引用数 386，优先检查其方法、材料体系或评价指标是否可迁移到超重力-混凝土研究。
D,Green remediation of As and Pb contaminated soil using cement-free clay-based stabilization/solidification,2019,Lei Wang; Dong-Wan Cho; Daniel C.W. Tsang; Xinde Cao; Deyi Hou; Zhengtao Shen; Daniel S. Alessi; Yong Sik Ok; Chi Sun Poon,Environment International,10.1016/j.envint.2019.02.057,https://doi.org/10.1016/j.envint.2019.02.057,335,"Stabilization/solidification (S/S) is a low-cost and high-efficiency remediation method for contaminated soils, however, conventional cement-based S/S method has environmental constraints and sustainability concerns. This study proposes a low-carbon, cement-free, clay-based approach for simultaneous S/S of As and Pb in the contaminated soil, and accordingly elucidates the chemical interactions between alkali-activated clay binders and potentially toxic elements. Quantitative X-ray diffraction and 27Al nuclear magnetic resonance analyses indicated that the addition of lime effectively activated the hydration of kaolinite clay, and the presence of limestone further enhanced the polymerization of hydrates. X-ray photoelectron spectroscopy showed that approximately 19% of As[III] was oxidized to As[V] in the alkali-activated clay system, which reduced toxicity and facilitated immobilization of As. During the cement-free S/S process, As and Pb consumed Ca(OH)2 and precipitated as Ca3(AsO4)2·4H2O and Pb3(NO3)(OH)5, respectively, accounting for the low leachability of As (7.0%) and Pb (5.4%). However, the reduced amount of Ca(OH)2 decreased the degree of hydration of clay minerals, and the pH buffering capacity of the contaminated soil hindered the pH increase. Sufficient dosage of lime was required for ensuring satisfactory solidification and contaminant immobilization of the clay-based S/S products. The leachability of As and Pb in high-Ca S/S treated soil samples was reduced by 96.2% and 98.8%, respectively. This is the first study developing a green and cement-free S/S of As- and Pb-contaminated soil using clay minerals as an environmentally compatible binding material.",相关：命中主题关键词：cement、concrete、carbonation、carbon dioxide curing、slag,可用于方向 D 的问题定位：结合 2019 年论文《Green remediation of As and Pb contaminated soil using cement-free clay-based stabilization/solidification》的题录和引用数 335，优先检查其方法、材料体系或评价指标是否可迁移到超重力-混凝土研究。
D,Discontinuous micro-fibers as intrinsic reinforcement for ductile Engineered Cementitious Composites (ECC),2020,Duo Zhang; Jing Yu; Haoliang Wu; Beata Jaworska; Brian R. Ellis; Victor C. Li,Composites Part B Engineering,10.1016/j.compositesb.2020.107741,https://doi.org/10.1016/j.compositesb.2020.107741,326,unclear,相关：命中主题关键词：cement、concrete、cementitious、carbonation、co2 curing,可用于方向 D 的问题定位：结合 2020 年论文《Discontinuous micro-fibers as intrinsic reinforcement for ductile Engineered Cementitious Composites (ECC)》的题录和引用数 326，优先检查其方法、材料体系或评价指标是否可迁移到超重力-混凝土研究。
D,Effect of carbonation curing regime on strength and microstructure of Portland cement paste,2019,Tiefeng Chen; Xiaojian Gao,unclear,10.1016/j.jcou.2019.05.034,https://www.semanticscholar.org/paper/7e5e83880e954f6c1fef96e4562fe63dbaa4e8be,313,"Abstract This study aims to investigate the effects of pre-curing and carbonation duration on compressive strength and microstructure characteristics of Portland cement paste. Experimental results showed that 30–40% water loss of cement paste is ideal for CO2 uptake. The combination of appropriate pre-curing and carbonation duration could increase compressive strength of cement mortar effectively, especially at early age. The optimal pre-curing duration decreases as the carbonation duration increases. Thermogravimetric analysis indicated that carbonation could retard hydration of cement paste and higher concentration of CO2 increases crystallinity of carbonate. According to MIP results, the influence of hydration and carbonation on pore structure of cement paste is different. Carbonation could decrease large capillary porosity obviously while hydration fills small capillary first. In addition, it is observed from EDS point analysis that excessive carbonation lead to decalcification of C-S-H. Therefore, suitable pre-curing and carbonation duration is of significance to improve the strength and microstructure of cement pastes.",相关：命中主题关键词：cement、carbonation、cement paste,可用于方向 D 的问题定位：结合 2019 年论文《Effect of carbonation curing regime on strength and microstructure of Portland cement paste》的题录和引用数 313，优先检查其方法、材料体系或评价指标是否可迁移到超重力-混凝土研究。
D,Biochar as construction materials for achieving carbon neutrality,2022,Yuying Zhang; Mingjing He; Lei Wang; Jianhua Yan; Bin Ma; Xiaohong Zhu; Yong Sik Ok; Viktor Mechtcherine; Daniel C.W. Tsang,Biochar,10.1007/s42773-022-00182-x,https://doi.org/10.1007/s42773-022-00182-x,289,"Abstract Biochar is a waste-derived material that can sequester carbon at a large scale. The development of low-carbon and sustainable biochar-enhanced construction materials has attracted extensive interest. Biochar, having a porous nature and highly functionalised surface, can provide nucleation sites for chemical reactions and exhibit compatibility with cement, asphalt, and polymer materials. This study critically reviewed the state-of-the-art biochar-enhanced construction materials, including biochar-cement composites, biochar-asphalt composites, biochar-plastic composites, etc. The efficacies and mechanisms of biochar as construction materials were articulated to improve their functional properties. This critical review highlighted the roles of biochar in cement hydration, surface functional groups of engineered biochar for promoting chemical reactions, and value-added merits of biochar-enhanced construction materials (such as humidity regulation, thermal insulation, noise reduction, air/water purification, electromagnetic shielding, and self-sensing). The major properties of biochar are correlated to the features and functionalities of biochar-enhanced construction materials. Further advances in our understanding of biochar’s roles in various composites can foster the next-generation design of carbon–neutral construction materials. Graphical Abstract",相关：命中主题关键词：cement、concrete、carbonation、carbon dioxide curing、cement hydration,可用于方向 D 的问题定位：结合 2022 年论文《Biochar as construction materials for achieving carbon neutrality》的题录和引用数 289，优先检查其方法、材料体系或评价指标是否可迁移到超重力-混凝土研究。
D,An overview of utilizing CO2 for accelerated carbonation treatment in the concrete industry,2022,Liang Li; Min Wu,Journal of CO2 Utilization,10.1016/j.jcou.2022.102000,https://doi.org/10.1016/j.jcou.2022.102000,258,"Accelerated carbonation treatment as an effective approach of reducing the carbon footprint in the concrete industry is being investigated extensively. Such carbonation treatment converts gaseous CO2 into carbonate minerals (or mineral CO2 sequestration). The present review provided a state-of-the-art summary on the relevant carbonation strategies that have been investigated, with a special focus on identifying the remaining industrial challenges and critical research gaps that need further investigation. Key parameters affecting pre-carbonation treatments of recycled concrete aggregates, fly ash, and slag were examined systematically, including chemical compositions and particle sizes of the materials, temperature, pressure, and CO2 concentration. The CO2 uptake capacity and efficiency of the materials were compared with each other, and the environmental impact of pre-carbonation treatment of fly ash and slag was approximated. After carbonation treatment, the incorporation of those carbonated materials in cement-based composites was assessed. It was found that the rising CO2 uptake of ingredient materials subjected to pre-carbonation treatment does not necessarily benefit the mechanical properties of the cement-based composites with the carbonated materials. For a specific material, there may exist a CO2 uptake threshold over which high CO2 uptake tends to be deleterious, e.g. for the mechanical properties. In terms of the influence of accelerated carbonation curing on the compressive strength of cement-based composites at early ages, both positive and negative influences were identified. Corresponding mechanisms behind such contrary influences were critically discussed. It was noted that over-intensified early-age carbonation curing could compromise the strength properties of cement-based composites both in the short and long terms.",相关：命中主题关键词：cement、concrete、cementitious、carbonation、carbonated,可用于方向 D 的问题定位：结合 2022 年论文《An overview of utilizing CO2 for accelerated carbonation treatment in the concrete industry》的题录和引用数 258，优先检查其方法、材料体系或评价指标是否可迁移到超重力-混凝土研究。
E,Future and emerging supplementary cementitious materials,2023,Ruben Snellings; Prannoy Suraneni; Jørgen Skibsted,Cement and Concrete Research,10.1016/j.cemconres.2023.107199,https://doi.org/10.1016/j.cemconres.2023.107199,484,unclear,相关：命中主题关键词：cement、concrete、cementitious、carbonation、carbonated,可用于方向 E 的问题定位：结合 2023 年论文《Future and emerging supplementary cementitious materials》的题录和引用数 484，优先检查其方法、材料体系或评价指标是否可迁移到超重力-混凝土研究。
E,"Roles of carbonated recycled fines and aggregates in hydration, microstructure and mechanical properties of concrete: A critical review",2023,Tong Zhang; Meng Chen; Yuting Wang; Mingzhong Zhang,Cement and Concrete Composites,10.1016/j.cemconcomp.2023.104994,https://doi.org/10.1016/j.cemconcomp.2023.104994,170,unclear,相关：命中主题关键词：cement、concrete、cementitious、carbonation、carbonated,"可用于方向 E 的问题定位：结合 2023 年论文《Roles of carbonated recycled fines and aggregates in hydration, microstructure and mechanical properties of concrete: A critical review》的题录和引用数 170，优先检查其方法、材料体系或评价指标是否可迁移到超重力-混凝土研究。"
E,Effects of carbonated hardened cement paste powder on hydration and microstructure of Portland cement,2018,Bao Lu; C. Shi; Jiake Zhang; Jiyun Wang,Construction and Building Materials,10.1016/j.conbuildmat.2018.07.159,https://www.semanticscholar.org/paper/3e5e1a98afaa61c8b895223029da0113c1e9fccb,322,"Abstract Recovering aggregates from recycled concrete produces a large amount of powder, which contains hardened cement paste and is classified as a corrosive hazardous material. This study used CO2 to treat hardened cement paste powder and to investigate how the incorporation of uncarbonated and carbonated hardened cement paste powder into cement affects the hydration and microstructure development of cement. Carbonated hardened cement paste powder consists mainly of calcite and silica gel. Replacement of cement by uncarbonated cement paste powder content from 10 to 30% by the mass of cement decreases, while replacement of cement with 10–20% carbonated hardened cement paste powder increases the strength of cement up to 90 days. The replacement of cement with 30% carbonated waste paste powder slightly decrease the strength of the cement. The silica gel in carbonated hardened cement paste powder quickly reacts with calcium hydroxide and results in the formation of more C-S-H. The presence of calcite in carbonated hardened paste powder leads to the formation of calcium aluminate hemi-carbonate (CAHC) and calcium aluminate mono-carbonate (CAMC) thus to a stabilization of ettringite (AFt) compared with the control cement paste, in which portion of AFt converts to mono-sulphoaluminate. CAHC is less stable than CAMC and transforms to CAMC in about one week after its formation. These chemical actions lead to a lower porosity and a higher compressive strength for cement paste with carbonated hardened paste powder compared with the control cement paste.",相关：命中主题关键词：cement、concrete、carbonated、waste concrete、recycled concrete,可用于方向 E 的问题定位：结合 2018 年论文《Effects of carbonated hardened cement paste powder on hydration and microstructure of Portland cement》的题录和引用数 322，优先检查其方法、材料体系或评价指标是否可迁移到超重力-混凝土研究。
E,Carbonation of steel slag and gypsum for building materials and associated reaction mechanisms,2019,Xue Wang; W. Ni; Jiajie Li; Siqi Zhang; M. Hitch; R. Pascual,Cement and Concrete Research,10.1016/j.cemconres.2019.105893,https://www.semanticscholar.org/paper/4150c266dff55cabab491c65948d07a0794308c9,259,"Abstract The carbonation of steel slag to produce building material is a useful way to increase the utilization of steel slag and absorb carbon dioxide. In this study, gypsum, steel slag, and water were mixed, compaction-shaped, and carbonation-cured as a means of improving the strength of the steel slag. It was observed that gypsum promoted an increase in both the compressive strength and the CO2 uptake of steel slag. CO2 uptake was positively correlated with strength. Microanalysis indicated that the main hydration product were C-S-H phases and ettringite, while the main carbonation products were calcite and monocarbonate (C3A. CaCO3.11H2O). Gypsum is speculated to promote the rapid hydration of steel slag to form ettringite (C3A.3CaSO4.32H2O), which then reacts with CO2 to produce monocarbonate; thus, gypsum plays a catalytic role in this system. The results of this study therefore provide theoretical guidance for the preparation of steel slag–gypsum carbide building materials.",相关：命中主题关键词：cement、concrete、carbonation、steel slag、slag,可用于方向 E 的问题定位：结合 2019 年论文《Carbonation of steel slag and gypsum for building materials and associated reaction mechanisms》的题录和引用数 259，优先检查其方法、材料体系或评价指标是否可迁移到超重力-混凝土研究。
E,An overview of utilizing CO2 for accelerated carbonation treatment in the concrete industry,2022,Liang Li; Min Wu,Journal of CO2 Utilization,10.1016/j.jcou.2022.102000,https://doi.org/10.1016/j.jcou.2022.102000,258,"Accelerated carbonation treatment as an effective approach of reducing the carbon footprint in the concrete industry is being investigated extensively. Such carbonation treatment converts gaseous CO2 into carbonate minerals (or mineral CO2 sequestration). The present review provided a state-of-the-art summary on the relevant carbonation strategies that have been investigated, with a special focus on identifying the remaining industrial challenges and critical research gaps that need further investigation. Key parameters affecting pre-carbonation treatments of recycled concrete aggregates, fly ash, and slag were examined systematically, including chemical compositions and particle sizes of the materials, temperature, pressure, and CO2 concentration. The CO2 uptake capacity and efficiency of the materials were compared with each other, and the environmental impact of pre-carbonation treatment of fly ash and slag was approximated. After carbonation treatment, the incorporation of those carbonated materials in cement-based composites was assessed. It was found that the rising CO2 uptake of ingredient materials subjected to pre-carbonation treatment does not necessarily benefit the mechanical properties of the cement-based composites with the carbonated materials. For a specific material, there may exist a CO2 uptake threshold over which high CO2 uptake tends to be deleterious, e.g. for the mechanical properties. In terms of the influence of accelerated carbonation curing on the compressive strength of cement-based composites at early ages, both positive and negative influences were identified. Corresponding mechanisms behind such contrary influences were critically discussed. It was noted that over-intensified early-age carbonation curing could compromise the strength properties of cement-based composites both in the short and long terms.",相关：命中主题关键词：cement、concrete、cementitious、carbonation、carbonated,可用于方向 E 的问题定位：结合 2022 年论文《An overview of utilizing CO2 for accelerated carbonation treatment in the concrete industry》的题录和引用数 258，优先检查其方法、材料体系或评价指标是否可迁移到超重力-混凝土研究。
E,Experimental characterization of the self-healing capacity of cement based materials and its effects on the material performance: A state of the art report by COST Action SARCOS WG2,2018,Liberato Ferrara; Tim Van Mullem; C. Alonso; Paola Antonaci; Ruben Paul Borg; Estefanía Cuenca; Anthony Jefferson; P.L. Ng; Alva Peled; Marta Roig‐Flores; Mercedes Sanchez; Christof Schroefl; Pedro Serna; Didier Snoeck; Jean‐Marc Tulliani; Nele De Belie,Construction and Building Materials,10.1016/j.conbuildmat.2018.01.143,https://doi.org/10.1016/j.conbuildmat.2018.01.143,246,unclear,相关：命中主题关键词：cement、cementitious、carbonated、steel slag、slag,可用于方向 E 的问题定位：结合 2018 年论文《Experimental characterization of the self-healing capacity of cement based materials and its effects on the material performance: A state of the art report by COST Action SARCOS WG2》的题录和引用数 246，优先检查其方法、材料体系或评价指标是否可迁移到超重力-混凝土研究。
E,Carbon Capture and Utilization by mineralization of cement pastes derived from recycled concrete,2020,Jan Skoček; Maciej Zając; Mohsen Ben Haha,Scientific Reports,10.1038/s41598-020-62503-z,https://doi.org/10.1038/s41598-020-62503-z,222,"Abstract Reduction of CO 2 emissions associated with cement production is challenging in view of the increasing cement demand and the fact that major part of the emissions originates from the main raw material used - limestone - which can be only to extremely low amount substituted. A Carbon Capture and Utilization (CCU) approach based on mineralization of fines derived from concrete appears to be a viable alternative to reduce these emissions. The CO 2 sequestration and the reactivity of the obtained carbonated recycled fines is experimentally demonstrated for lab as well as industrial materials for different mineralization conditions. It is shown that all CO 2 originally released by limestone calcination during clinker production can be sequestered by the full carbonation of the fines within a short time. Upon full carbonation, gels with pozzolanic properties form in the fines irrespective of the conditions tested. The carbonated fines have specific CO 2 savings more than 30% higher than the simple clinker replacement by limestone.",相关：命中主题关键词：cement、concrete、cementitious、carbonation、carbonated,可用于方向 E 的问题定位：结合 2020 年论文《Carbon Capture and Utilization by mineralization of cement pastes derived from recycled concrete》的题录和引用数 222，优先检查其方法、材料体系或评价指标是否可迁移到超重力-混凝土研究。
E,Carbon sequestration of steel slag and carbonation for activating RO phase,2020,Zhimin Chen; Rui Li; Xianming Zheng; Jiaxiang Liu,Cement and Concrete Research,10.1016/j.cemconres.2020.106271,https://doi.org/10.1016/j.cemconres.2020.106271,193,unclear,相关：命中主题关键词：cement、concrete、carbonation、carbonated、steel slag,可用于方向 E 的问题定位：结合 2020 年论文《Carbon sequestration of steel slag and carbonation for activating RO phase》的题录和引用数 193，优先检查其方法、材料体系或评价指标是否可迁移到超重力-混凝土研究。
E,"Accelerated carbonation of steel slag: A review of methods, mechanisms and influencing factors",2023,Xiaoli Huang; Junfei Zhang; Lei Zhang,Construction and Building Materials,10.1016/j.conbuildmat.2023.134603,https://doi.org/10.1016/j.conbuildmat.2023.134603,147,unclear,相关：命中主题关键词：cement、carbonation、carbonated、steel slag、slag,"可用于方向 E 的问题定位：结合 2023 年论文《Accelerated carbonation of steel slag: A review of methods, mechanisms and influencing factors》的题录和引用数 147，优先检查其方法、材料体系或评价指标是否可迁移到超重力-混凝土研究。"
E,Value added utilization of by-product electric furnace ferronickel slag as construction materials: A review,2018,Ashish Kumer Saha; Md. Nabi Newaz Khan; Prabir Kumar Sarker,Resources Conservation and Recycling,10.1016/j.resconrec.2018.02.034,https://doi.org/10.1016/j.resconrec.2018.02.034,185,unclear,相关：命中主题关键词：cement、cementitious、carbonated、steel slag、slag,可用于方向 E 的问题定位：结合 2018 年论文《Value added utilization of by-product electric furnace ferronickel slag as construction materials: A review》的题录和引用数 185，优先检查其方法、材料体系或评价指标是否可迁移到超重力-混凝土研究。
F,Photocatalytic Degradation of Organic and Inorganic Pollutants to Harmless End Products: Assessment of Practical Application Potential for Water and Air Cleaning,2023,Pavel Afanasiev; Crina Anastasescu; Razvan State; Anca Vasile; Florica Papa; Ioan Balint,Catalysts,10.3390/catal13020380,https://doi.org/10.3390/catal13020380,344,"It is well-documented that large-scale pollution generated by human activity has a dramatic impact on ecosystems. In this context, removing harmful chemicals via photocatalysis has tremendous potential as a depollution method, utilizing freely available solar light and catalytic materials with low or negligible ecotoxicity. The main drawbacks, which aren’t often addressed in the available literature, are the formation of harmful intermediate products, low reaction rates, limited catalyst stability, and difficult catalyst recovery. In most cases, published works assess the efficiency of tested photocatalysts from pollutant degradation studies, whereas identifying and quantifying by-products is not often conducted. This review summarizes the recent advances reported for the photocatalytic removal of some organic (e.g., alcohols, carboxylic acids, volatile organic compounds, phenol) and inorganic (e.g., NO3−) contaminants. The efficiency of various UV- and visible-light active photocatalysts and the reaction degradation pathways were explained, emphasizing the main factors contributing to their mineralization. The reaction mechanisms, the identification and quantification of degradation intermediates, and the implication of reactive active species (ROS) were discussed and analyzed for each category of model target pollutant. Additionally, the actual challenges and future photocatalytic approaches to improve environmental remediation were presented.",相关：命中主题关键词：high gravity、mass transfer,可用于方向 F 的问题定位：结合 2023 年论文《Photocatalytic Degradation of Organic and Inorganic Pollutants to Harmless End Products: Assessment of Practical Application Potential for Water and Air Cleaning》的题录和引用数 344，优先检查其方法、材料体系或评价指标是否可迁移到超重力-混凝土研究。
F,Review on the impact of heavy metals from industrial wastewater effluent and removal technologies,2024,Temitayo E Oladimeji; Melody Oluwaseyi Oyedemi; M.E. Emetere; Oluranti Agboola; John Busayo Adeoye; Olayemi Abosede Odunlami,Heliyon,10.1016/j.heliyon.2024.e40370,https://doi.org/10.1016/j.heliyon.2024.e40370,295,"The incidence of water pollution in developing countries is high due to the lack of regulatory policies and laws that protect water bodies from anthropogenic activities and industrial wastewater. Industrial wastewater contains significant amounts of heavy metals that are detrimental to human health, aquatic organisms, and the ecosystem. The focus of this review was to evaluate the sources and treatment methods of wastewater, with an emphasis on technologies, advantages, disadvantages, and innovation. It was observed that conventional methods of wastewater treatment (such as flotation, coagulation/flocculation, and adsorption) had shown promising results but posed certain limitations, such as the generation of high volumes of sludge, relatively low removal rates, inefficiency in treating low metal concentrations, and sensitivity to varying pH. Recent technologies like nanotechnology, photocatalysis, and electrochemical coagulation have significant advantages over conventional methods for removing heavy metals, including higher removal rates, improved energy efficiency, and greater selectivity for specific contaminants. However, the high costs associated with these advanced methods remain a major drawback. Therefore, we recommend that future developments in wastewater treatment technology focus on reducing both costs and waste generation.",相关：命中主题关键词：high gravity,可用于方向 F 的问题定位：结合 2024 年论文《Review on the impact of heavy metals from industrial wastewater effluent and removal technologies》的题录和引用数 295，优先检查其方法、材料体系或评价指标是否可迁移到超重力-混凝土研究。
F,Removal of heavy metal ions from wastewater: a comprehensive and critical review,2021,Naef A.A. Qasem; Ramy H. Mohammed; Dahiru U. Lawal,npj Clean Water,10.1038/s41545-021-00127-0,https://doi.org/10.1038/s41545-021-00127-0,2029,"Abstract Removal of heavy metal ions from wastewater is of prime importance for a clean environment and human health. Different reported methods were devoted to heavy metal ions removal from various wastewater sources. These methods could be classified into adsorption-, membrane-, chemical-, electric-, and photocatalytic-based treatments. This paper comprehensively and critically reviews and discusses these methods in terms of used agents/adsorbents, removal efficiency, operating conditions, and the pros and cons of each method. Besides, the key findings of the previous studies reported in the literature are summarized. Generally, it is noticed that most of the recent studies have focused on adsorption techniques. The major obstacles of the adsorption methods are the ability to remove different ion types concurrently, high retention time, and cycling stability of adsorbents. Even though the chemical and membrane methods are practical, the large-volume sludge formation and post-treatment requirements are vital issues that need to be solved for chemical techniques. Fouling and scaling inhibition could lead to further improvement in membrane separation. However, pre-treatment and periodic cleaning of membranes incur additional costs. Electrical-based methods were also reported to be efficient; however, industrial-scale separation is needed in addition to tackling the issue of large-volume sludge formation. Electric- and photocatalytic-based methods are still less mature. More attention should be drawn to using real wastewaters rather than synthetic ones when investigating heavy metals removal. Future research studies should focus on eco-friendly, cost-effective, and sustainable materials and methods.",相关：命中主题关键词：high gravity、mass transfer,可用于方向 F 的问题定位：结合 2021 年论文《Removal of heavy metal ions from wastewater: a comprehensive and critical review》的题录和引用数 2029，优先检查其方法、材料体系或评价指标是否可迁移到超重力-混凝土研究。
F,Strategies for mitigation of climate change: a review,2020,Samer Fawzy; Ahmed I. Osman; John Doran; David W. Rooney,Environmental Chemistry Letters,10.1007/s10311-020-01059-w,https://doi.org/10.1007/s10311-020-01059-w,1428,"Abstract Climate change is defined as the shift in climate patterns mainly caused by greenhouse gas emissions from natural systems and human activities. So far, anthropogenic activities have caused about 1.0 °C of global warming above the pre-industrial level and this is likely to reach 1.5 °C between 2030 and 2052 if the current emission rates persist. In 2018, the world encountered 315 cases of natural disasters which are mainly related to the climate. Approximately 68.5 million people were affected, and economic losses amounted to $131.7 billion, of which storms, floods, wildfires and droughts accounted for approximately 93%. Economic losses attributed to wildfires in 2018 alone are almost equal to the collective losses from wildfires incurred over the past decade, which is quite alarming. Furthermore, food, water, health, ecosystem, human habitat and infrastructure have been identified as the most vulnerable sectors under climate attack. In 2015, the Paris agreement was introduced with the main objective of limiting global temperature increase to 2 °C by 2100 and pursuing efforts to limit the increase to 1.5 °C. This article reviews the main strategies for climate change abatement, namely conventional mitigation, negative emissions and radiative forcing geoengineering. Conventional mitigation technologies focus on reducing fossil-based CO 2 emissions. Negative emissions technologies are aiming to capture and sequester atmospheric carbon to reduce carbon dioxide levels. Finally, geoengineering techniques of radiative forcing alter the earth’s radiative energy budget to stabilize or reduce global temperatures. It is evident that conventional mitigation efforts alone are not sufficient to meet the targets stipulated by the Paris agreement; therefore, the utilization of alternative routes appears inevitable. While various technologies presented may still be at an early stage of development, biogenic-based sequestration techniques are to a certain extent mature and can be deployed immediately.",相关：命中主题关键词：concrete、carbonation、mineral carbonation、slag、process intensification,可用于方向 F 的问题定位：结合 2020 年论文《Strategies for mitigation of climate change: a review》的题录和引用数 1428，优先检查其方法、材料体系或评价指标是否可迁移到超重力-混凝土研究。
F,Bioethanol Production from Renewable Raw Materials and its Separation and Purification: a Review,2018,Arijana Bušić; Nenad Marđetko; Semjon Kundas; Galina Morzak; Halina Belskaya; Mirela Ivančić Šantek; Draženka Komes; Srđan Novak; Božidar Šantek,Food Technology and Biotechnology,10.17113/ftb.56.03.18.5546,https://doi.org/10.17113/ftb.56.03.18.5546,594,"Production of biofuels from renewable feedstocks has captured considerable scientific attention since they could be used to supply energy and alternative fuels. Bioethanol is one of the most interesting biofuels due to its positive impact on the environment. Currently, it is mostly produced from sugar-and starch-containing raw materials. However, various available types of lignocellulosic biomass such as agricultural and forestry residues, and herbaceous energy crops could serve as feedstocks for the production of bioethanol, energy, heat and value-added chemicals. Lignocellulose is a complex mixture of carbohydrates that needs an efficient pretreatment to make accessible pathways to enzymes for the production of fermentable sugars, which after hydrolysis are fermented into ethanol. Despite technical and economic difficulties, renewable lignocellulosic raw materials represent low--cost feedstocks that do not compete with the food and feed chain, thereby stimulating the sustainability. Different bioprocess operational modes were developed for bioethanol production from renewable raw materials. Furthermore, alternative bioethanol separation and purification processes have also been intensively developed. This paper deals with recent trends in the bioethanol production as a fuel from different renewable raw materials as well as with its separation and purification processes.",相关：命中主题关键词：high gravity、mass transfer,可用于方向 F 的问题定位：结合 2018 年论文《Bioethanol Production from Renewable Raw Materials and its Separation and Purification: a Review》的题录和引用数 594，优先检查其方法、材料体系或评价指标是否可迁移到超重力-混凝土研究。
F,"Natural deep eutectic solvents for lignocellulosic biomass pretreatment: Recent developments, challenges and novel opportunities",2018,Alok Satlewal; Ruchi Agrawal; Samarthya Bhagia; Joshua Sangoro; Arthur J. Ragauskas,Biotechnology Advances,10.1016/j.biotechadv.2018.08.009,https://doi.org/10.1016/j.biotechadv.2018.08.009,524,unclear,相关：命中主题关键词：high gravity、mass transfer,"可用于方向 F 的问题定位：结合 2018 年论文《Natural deep eutectic solvents for lignocellulosic biomass pretreatment: Recent developments, challenges and novel opportunities》的题录和引用数 524，优先检查其方法、材料体系或评价指标是否可迁移到超重力-混凝土研究。"
F,Chemical looping beyond combustion – a perspective,2020,Xing Zhu; Qasim Imtiaz; Felix Donat; Christoph R. Müller; Fanxing Li,Energy & Environmental Science,10.1039/c9ee03793d,https://doi.org/10.1039/c9ee03793d,516,"Facilitated by redox catalysts capable of catalytic reactions and reactive separation, chemical looping offers exciting opportunities for intensified chemical production.",相关：命中主题关键词：carbonation,可用于方向 F 的问题定位：结合 2020 年论文《Chemical looping beyond combustion – a perspective》的题录和引用数 516，优先检查其方法、材料体系或评价指标是否可迁移到超重力-混凝土研究。
F,CO2 mineral carbonation using industrial solid wastes: A review of recent developments,2021,Weizao Liu; Liumei Teng; Sohrab Rohani; Zhifeng Qin; Bin Zhao; Chunbao Xu; Shan Ren; Qingcai Liu; Bin Liang,Chemical Engineering Journal,10.1016/j.cej.2021.129093,https://doi.org/10.1016/j.cej.2021.129093,464,unclear,相关：命中主题关键词：carbonation、mineral carbonation、steel slag、slag、process intensification,可用于方向 F 的问题定位：结合 2021 年论文《CO2 mineral carbonation using industrial solid wastes: A review of recent developments》的题录和引用数 464，优先检查其方法、材料体系或评价指标是否可迁移到超重力-混凝土研究。
F,Outlook of carbon capture technology and challenges,2018,Tabbi Wilberforce; Ahmad Baroutaji; Bassel Soudan; Abdul Hai Alami; A.G. Olabi,The Science of The Total Environment,10.1016/j.scitotenv.2018.11.424,https://doi.org/10.1016/j.scitotenv.2018.11.424,443,unclear,相关：命中主题关键词：carbonation、slag、process intensification,可用于方向 F 的问题定位：结合 2018 年论文《Outlook of carbon capture technology and challenges》的题录和引用数 443，优先检查其方法、材料体系或评价指标是否可迁移到超重力-混凝土研究。
F,Magnetic Iron Oxide Nanoparticle (IONP) Synthesis to Applications: Present and Future,2020,Ajinkya Nene; Xue‐Feng Yu; Poonam Kaithal; Hongrong Luo; Prakash R. Somani; Seeram Ramakrishna,Materials,10.3390/ma13204644,https://doi.org/10.3390/ma13204644,333,"Iron oxides are chemical compounds which have different polymorphic forms, including γ-Fe2O3 (maghemite), Fe3O4 (magnetite), and FeO (wustite). Among them, the most studied are γ-Fe2O3 and Fe3O4, as they possess extraordinary properties at the nanoscale (such as super paramagnetism, high specific surface area, biocompatible etc.), because at this size scale, the quantum effects affect matter behavior and optical, electrical and magnetic properties. Therefore, in the nanoscale, these materials become ideal for surface functionalization and modification in various applications such as separation techniques, magnetic sorting (cells and other biomolecules etc.), drug delivery, cancer hyperthermia, sensing etc., and also for increased surface area-to-volume ratio, which allows for excellent dispersibility in the solution form. The current methods used are partially and passively mixed reactants, and, thus, every reaction has a different proportion of all factors which causes further difficulties in reproducibility. Direct active and complete mixing and automated approaches could be solutions to this size- and shape-controlled synthesis, playing a key role in its exploitation for scientific or technological purposes. An ideal synthesis method should be able to allow reliable adjustment of parameters and control over the following: fluctuation in temperature; pH, stirring rate; particle distribution; size control; concentration; and control over nanoparticle shape and composition i.e., crystallinity, purity, and rapid screening. Iron oxide nanoparticle (IONP)-based available clinical applications are RNA/DNA extraction and detection of infectious bacteria and viruses. Such technologies are important at POC (point of care) diagnosis. IONPs can play a key role in these perspectives. Although there are various methods for synthesis of IONPs, one of the most crucial goals is to control size and properties with high reproducibility to accomplish successful applications. Using multiple characterization techniques to identify and confirm the oxide phase of iron can provide better characterization capability. It is very important to understand the in-depth IONP formation mechanism, enabling better control over parameters and overall reaction and, by extension, properties of IONPs. This work provides an in-depth overview of different properties, synthesis methods, and mechanisms of iron oxide nanoparticles (IONPs) formation, and the diverse range of their applications. Different characterization factors and strategies to confirm phase purity in the IONP synthesis field are reviewed. First, properties of IONPs and various synthesis routes with their merits and demerits are described. We also describe different synthesis strategies and formation mechanisms for IONPs such as for: wustite (FeO), hematite (α-Fe2O3), maghemite (ɤ-Fe2O3) and magnetite (Fe3O4). We also describe characterization of these nanoparticles and various applications in detail. In conclusion, we present a detailed overview on the properties, size-controlled synthesis, formation mechanisms and applications of IONPs.",相关：命中主题关键词：rotating packed bed,可用于方向 F 的问题定位：结合 2020 年论文《Magnetic Iron Oxide Nanoparticle (IONP) Synthesis to Applications: Present and Future》的题录和引用数 333，优先检查其方法、材料体系或评价指标是否可迁移到超重力-混凝土研究。
