direction,rank,title,year,authors,venue,doi,url,citation_count,source_database,query
A,1,A Review of CO2 Capture by Absorption and Adsorption,2012,Cheng‐Hsiu Yu; Chih‐Hung Huang; Chung‐Sung Tan,Aerosol and Air Quality Research,10.4209/aaqr.2012.05.0132,https://doi.org/10.4209/aaqr.2012.05.0132,1698,OpenAlex,"""high gravity"" ""mass transfer"" ""CO2""|""high gravity"" gas liquid solid reaction|""process intensified"" carbonation reactor|""rotating packed bed"" ""CO2"" ""calcium carbonate""|""rotating packed bed"" ""carbon dioxide"" mineralization|""rotating packed bed"" mineral carbonation|""rotating packed bed"" precipitation calcium carbonate"
A,2,Strategies for mitigation of climate change: a review,2020,Samer Fawzy; Ahmed I. Osman; John Doran; David W. Rooney,Environmental Chemistry Letters,10.1007/s10311-020-01059-w,https://doi.org/10.1007/s10311-020-01059-w,1428,OpenAlex,"""CO2 sequestration"" concrete curing|""process intensification"" ""mineral carbonation""|""process intensification"" carbonation slag|""process intensified"" carbonation reactor"
A,3,A review of mineral carbonation technologies to sequester CO<sub>2</sub>,2014,Aimaro Sanna; Mai Uibu; Giorgio Caramanna; Rein Kuusik; M. Mercedes Maroto‐Valer,Chemical Society Reviews,10.1039/c4cs00035h,https://doi.org/10.1039/c4cs00035h,1103,OpenAlex,"""mineral carbonation"" ""cement replacement""|""solid waste"" ""accelerated carbonation"" slag"
A,4,Substantial global carbon uptake by cement carbonation,2016,Fengming Xi; Steven J. Davis; Philippe Ciais; Douglas Crawford‐Brown; Dabo Guan; Claus Pade; Tiemao Shi; Mark Syddall; Jie Lv; Lanzhu Ji; Longfei Bing; Jiaoyue Wang; Wei Wei; Keun-Hyeok Yang; Björn Lagerblad; Isabel Galán; Carmen Andrade; Ying Zhang; Zhu Liu,Nature Geoscience,10.1038/ngeo2840,https://doi.org/10.1038/ngeo2840,643,OpenAlex,"""solid waste"" ""accelerated carbonation"" slag"
A,5,Biomass waste utilisation in low-carbon products: harnessing a major potential resource,2019,Nimisha Tripathi; Colin D. Hills; R. S. Singh; C. J. Atkinson,npj Climate and Atmospheric Science,10.1038/s41612-019-0093-5,https://doi.org/10.1038/s41612-019-0093-5,598,OpenAlex,"""solid waste"" ""accelerated carbonation"" slag"
A,6,"Biomass-based chemical looping technologies: the good, the bad and the future",2017,Xiao Zhao; Hui Zhou; Vineet Singh Sikarwar; Ming Zhao; Ah‐Hyung Alissa Park; Paul S. Fennell; Laihong Shen; Liang‐Shih Fan,Energy & Environmental Science,10.1039/c6ee03718f,https://doi.org/10.1039/c6ee03718f,540,OpenAlex,"""process intensification"" carbonation slag|""process intensified"" carbonation reactor"
A,7,Use of Incineration MSW Ash: A Review,2010,Charles Hoi King Lam; A.W.M. Ip; J. P. Barford; Gordon McKay,Sustainability,10.3390/su2071943,https://doi.org/10.3390/su2071943,521,OpenAlex,"""solid waste"" ""accelerated carbonation"" slag"
A,8,Future and emerging supplementary cementitious materials,2023,Ruben Snellings; Prannoy Suraneni; Jørgen Skibsted,Cement and Concrete Research,10.1016/j.cemconres.2023.107199,https://doi.org/10.1016/j.cemconres.2023.107199,484,OpenAlex,"""BOF slag"" ""CO2 sequestration""|""CO2 curing"" cementitious materials|""carbonated slag"" cementitious material|""carbonated steel slag"" ""supplementary cementitious material""|""carbonation curing"" recycled aggregate concrete|""mineral carbonation"" ""cement replacement""|""solid waste"" ""accelerated carbonation"" slag|""steel slag"" ""CO2 mineralization"""
A,9,CO2 mineral carbonation using industrial solid wastes: A review of recent developments,2021,Weizao Liu; Liumei Teng; Sohrab Rohani; Zhifeng Qin; Bin Zhao; Chunbao Xu; Shan Ren; Qingcai Liu; Bin Liang,Chemical Engineering Journal,10.1016/j.cej.2021.129093,https://doi.org/10.1016/j.cej.2021.129093,464,OpenAlex,"""process intensification"" ""mineral carbonation""|""steel slag"" ""CO2 mineralization"""
A,10,Outlook of carbon capture technology and challenges,2018,Tabbi Wilberforce; Ahmad Baroutaji; Bassel Soudan; Abdul Hai Alami; A.G. Olabi,The Science of The Total Environment,10.1016/j.scitotenv.2018.11.424,https://doi.org/10.1016/j.scitotenv.2018.11.424,443,OpenAlex,"""process intensification"" carbonation slag|""process intensified"" carbonation reactor"
A,11,CO2 Capture by Accelerated Carbonation of Alkaline Wastes: A Review on Its Principles and Applications,2012,Shu-Yuan Pan; E. E. Chang; Pen‐Chi Chiang,Aerosol and Air Quality Research,10.4209/aaqr.2012.06.0149,https://doi.org/10.4209/aaqr.2012.06.0149,428,OpenAlex,"""carbonated slag"" cementitious material|""high gravity"" ""mass transfer"" ""CO2""|""high gravity"" ""mineral carbonation"" slag|""high gravity"" carbonation steel slag|""high gravity"" gas liquid solid reaction|""rotating packed bed"" ""CO2"" ""calcium carbonate""|""rotating packed bed"" ""carbon dioxide"" mineralization|""rotating packed bed"" carbonation steel slag|""rotating packed bed"" mineral carbonation|""rotating packed bed"" precipitation calcium carbonate|""rotating packed bed"" reactive crystallization|""solid waste"" ""accelerated carbonation"" slag"
A,12,"Alkaline residues and the environment: a review of impacts, management practices and opportunities",2015,Helena I. Gomes; William M. Mayes; Mike Rogerson; Douglas I. Stewart; Ian T. Burke,Journal of Cleaner Production,10.1016/j.jclepro.2015.09.111,https://doi.org/10.1016/j.jclepro.2015.09.111,390,OpenAlex,"""solid waste"" ""accelerated carbonation"" slag"
A,13,Comprehensive utilization of steel slag: A review,2023,Wenhao Gao; Wentao Zhou; Xianjun Lyu; Xiao Liu; Huili Su; Chuanming Li; Hui Wang,Powder Technology,10.1016/j.powtec.2023.118449,https://doi.org/10.1016/j.powtec.2023.118449,373,OpenAlex,"""steel slag"" ""CO2 mineralization"""
A,14,Green remediation of As and Pb contaminated soil using cement-free clay-based stabilization/solidification,2019,Lei Wang; Dong-Wan Cho; Daniel C.W. Tsang; Xinde Cao; Deyi Hou; Zhengtao Shen; Daniel S. Alessi; Yong Sik Ok; Chi Sun Poon,Environment International,10.1016/j.envint.2019.02.057,https://doi.org/10.1016/j.envint.2019.02.057,335,OpenAlex,"""carbon dioxide curing"" concrete|""solid waste"" ""accelerated carbonation"" slag"
A,15,Calcium Carbonate Precipitation for CO2 Storage and Utilization: A Review of the Carbonate Crystallization and Polymorphism,2017,Ribooga Chang; Semin Kim; Seungin Lee; Soyoung Choi; Minhee Kim; Youngjune Park,Frontiers in Energy Research,10.3389/fenrg.2017.00017,https://doi.org/10.3389/fenrg.2017.00017,325,OpenAlex,"""steel slag"" ""CO2 mineralization"""
A,16,Technologies for the management of MSW incineration ashes from gas cleaning: New perspectives on recovery of secondary raw materials and circular economy,2018,Margarida J. Quina; Elza Bontempi; Anna Bogush; Stefan Schlumberger; Gisela Weibel; Roberto Braga; Valerio Funari; Jiří Hykš; Erik N. Rasmussen; Jakob Lederer,The Science of The Total Environment,10.1016/j.scitotenv.2018.04.150,https://doi.org/10.1016/j.scitotenv.2018.04.150,313,OpenAlex,"""solid waste"" ""accelerated carbonation"" slag"
A,17,"Harnessing the power of machine learning for carbon capture, utilisation, and storage (CCUS) – a state-of-the-art review",2021,Yongliang Yan; Yongliang Yan; Tohid N. Borhani; Sai Gokul Subraveti; Kasturi Nagesh Pai; Vinay Prasad; Arvind Rajendran; Paula Nkulikiyinka; Jude O. Asibor; Zhien Zhang; Ding Shao; Lijuan Wang; Wenbiao Zhang; Yong Yan; Yong Yan; William Ampomah; Junyu You; Meihong Wang; Edward J. Anthony; Vasilije Manović; Peter T. Clough,Energy & Environmental Science,10.1039/d1ee02395k,https://doi.org/10.1039/d1ee02395k,287,OpenAlex,"""rotating packed bed"" ""carbon dioxide"" mineralization|""rotating packed bed"" mineral carbonation|""rotating packed bed"" precipitation calcium carbonate"
A,18,Valorization of sewage sludge in the fabrication of construction and building materials: A review,2019,Zhiyang Chang; Guangcheng Long; John L. Zhou; Cong Ma,Resources Conservation and Recycling,10.1016/j.resconrec.2019.104606,https://doi.org/10.1016/j.resconrec.2019.104606,273,OpenAlex,"""hydration kinetics"" cement gravity|""solid waste"" ""accelerated carbonation"" slag"
A,19,Ash Management Review—Applications of Biomass Bottom Ash,2012,Adrian L. James; Ronald W. Thring; Steve S. Helle; Harpuneet Singh Ghuman,Energies,10.3390/en5103856,https://doi.org/10.3390/en5103856,266,OpenAlex,"""solid waste"" ""accelerated carbonation"" slag"
A,20,The Use of Municipal Solid Waste Incineration Ash in Various Building Materials: A Belgian Point of View,2018,Aneeta Mary Joseph; Ruben Snellings; Philip Van den Heede; Stijn Matthys; Nele De Belie,Materials,10.3390/ma11010141,https://doi.org/10.3390/ma11010141,265,OpenAlex,"""solid waste"" ""accelerated carbonation"" slag"
B,1,"Matrix Algorithms, Volume II: Eigensystems",2003,Gordon W. Stewart; Aditya Mahajan,Applied Mechanics Reviews,10.1115/1.1523352,https://doi.org/10.1115/1.1523352,284,OpenAlex,"""centrifugal casting"" concrete"
B,2,Boundary Element Programming in Mechanics,2003,Xiao‐Wei Gao; TG Davies; DE Beskos,Applied Mechanics Reviews,10.1115/1.1523350,https://doi.org/10.1115/1.1523350,271,OpenAlex,"""centrifugal casting"" concrete"
B,3,Functionally graded materials classifications and development trends from industrial point of view,2019,Islam M. El-Galy; Bassiouny Saleh; Mahmoud H. Ahmed,SN Applied Sciences,10.1007/s42452-019-1413-4,https://doi.org/10.1007/s42452-019-1413-4,264,OpenAlex,"""centrifugal casting"" concrete"
B,4,Mathematical Control Theory of Coupled PDEs,2003,Irena Lasiecka; GC Gaunaurd,Applied Mechanics Reviews,10.1115/1.1523354,https://doi.org/10.1115/1.1523354,155,OpenAlex,"""centrifugal casting"" concrete"
B,5,Novel Applications of Aluminium Metal Matrix Composites,2019,Francis Nturanabo; Leonard Masu; John Baptist Kirabira,IntechOpen eBooks,10.5772/intechopen.86225,https://doi.org/10.5772/intechopen.86225,144,OpenAlex,"""centrifugal casting"" concrete"
B,6,Advances in lightweight composite structures and manufacturing technologies: A comprehensive review,2024,Resego Phiri; Sanjay Mavinkere Rangappa; Suchart Siengchin; Oluseyi Philip Oladijo; Togay Ozbakkaloglu,Heliyon,10.1016/j.heliyon.2024.e39661,https://doi.org/10.1016/j.heliyon.2024.e39661,142,OpenAlex,"""centrifugal casting"" concrete"
B,7,Recent Trends in Treatment and Fabrication of Plant-Based Fiber-Reinforced Epoxy Composite: A Review,2023,Abdullahi Haruna Birniwa; Shehu Sa’ad Abdullahi; Mujahid Ali; Rania Edrees Adam Mohammad; Ahmad Hussaini Jagaba; Mugahed Amran; Siva Avudaiappan; Nelson Maureira-Carsalade; Erick I. Saavedra Flores,Journal of Composites Science,10.3390/jcs7030120,https://doi.org/10.3390/jcs7030120,115,OpenAlex,"""centrifugal casting"" concrete"
B,8,Characterisation of Ground Thermal and Thermo-Mechanical Behaviour for Shallow Geothermal Energy Applications,2017,Ana Vieira; Maria Alberdi-Pagola; Paul Christodoulides; Saqib Javed; Fleur Loveridge; Frédéric Nguyen; Francesco Cecinato; J. R. Maranha; Georgios A. Florides; Iulia Prodan; Gust Van Lysebetten; Elsa Ramalho; Diana Salciarini; Aleksandar Georgiev; S. Rosin-Paumier; Rumen Popov; Stanislav Lenart; Søren Erbs Poulsen; Georgia Radioti,Energies,10.3390/en10122044,https://doi.org/10.3390/en10122044,110,OpenAlex,"""spun concrete"" pipe pile"
B,9,Advancements in Fiber-Reinforced Polymer Composites: A Comprehensive Analysis,2023,Alin Diniță; Răzvan George Rîpeanu; Costin Nicolae Ilincă; Diana Cursaru; Dănuţa Matei; Ibrahim Ramadan; Maria Tănase; Alexandra Ileana Portoacă,Polymers,10.3390/polym16010002,https://doi.org/10.3390/polym16010002,106,OpenAlex,"""centrifugal casting"" concrete"
B,10,Traffic generated non-exhaust particulate emissions from concrete pavement: A mass and particle size study for two-wheelers and small cars,2009,Aatmeeyata; D. S. Kaul; Mukesh Sharma,Atmospheric Environment,10.1016/j.atmosenv.2009.07.032,https://doi.org/10.1016/j.atmosenv.2009.07.032,85,OpenAlex,"""centrifugal casting"" concrete"
B,11,Recent Progress in Hybrid Aluminum Composite: Manufacturing and Application,2021,Elvira Wahyu Arum Fanani; Eko Surojo; Aditya Rio Prabowo; Hammar Ilham Akbar,Metals,10.3390/met11121919,https://doi.org/10.3390/met11121919,76,OpenAlex,"""centrifugal casting"" concrete"
B,12,"Functionally graded materials (FGMs): A review of classifications, fabrication methods and their applications",2021,Majid Mohammadi; Masoud Rajabi; Majid Ghadiri,Processing and Application of Ceramics,10.2298/pac2104319m,https://doi.org/10.2298/pac2104319m,71,OpenAlex,"""centrifugal casting"" concrete"
B,13,Development of High-performance Roll by Continuous Pouring Process for Cladding.,1992,Mitsuo Hashimoto; Seizi Otomo; Kouichiro Yoshida; Kazuo Kimura; Ryurou Kurahashi; Tamotsu Kawakami; Takahiko Kouga,ISIJ International,10.2355/isijinternational.32.1202,https://doi.org/10.2355/isijinternational.32.1202,60,OpenAlex,"""centrifugal casting"" concrete"
B,14,Experimental investigation on recycled aggregate concrete filled steel tubular stub columns under axial compression,2021,Vanessa da Silva de Azevedo; L.R.O. de Lima; P.C.G. da S. Vellasco; Maria Elizabeth da Nóbrega Tavares; Tak‐Ming Chan,Journal of Constructional Steel Research,10.1016/j.jcsr.2021.106930,https://doi.org/10.1016/j.jcsr.2021.106930,59,OpenAlex,"""centrifugal concrete"" durability"
B,15,Jacking Force Prediction: An Interface Friction Approach based on Pipe Surface Roughness,2006,Kimberlie Staheli,UPT. Syiah Kuala University Library (Syiah Kuala University),unclear,http://hdl.handle.net/1853/11565,49,OpenAlex,"""centrifugal casting"" concrete|""centrifugally cast"" concrete pile|""spun concrete"" pipe pile"
B,16,Unsaturated Polyesters and Vinyl Esters,2013,Andreas Kandelbauer; Gianluca Tondi; Oscar C. Zaske; Sidney H. Goodman,Elsevier eBooks,10.1016/b978-1-4557-3107-7.00006-3,https://doi.org/10.1016/b978-1-4557-3107-7.00006-3,49,OpenAlex,"""centrifugal casting"" concrete"
B,17,Utilization of Groundnut Shell as Reinforcement in Development of Aluminum Based Composite to Reduce Environment Pollution: a review,2020,Prakash Dwivedi; Manish Maurya; Kumar Maurya; Kumar Srivastava; Satpal Sharma; Ambuj Saxena,Evergreen,10.5109/2740937,https://doi.org/10.5109/2740937,46,OpenAlex,"""centrifugal casting"" concrete"
B,18,Shear Strength Prediction of Slender Steel Fiber Reinforced Concrete Beams Using a Gradient Boosting Regression Tree Method,2022,Amjed Shatnawi; Hana Mahmood Alkassar; Nadia Moneem Al-Abdaly; Emadaldeen A. Al-Hamdany; Luís Filipe Almeida Bernardo; Hamza Imran,Buildings,10.3390/buildings12050550,https://doi.org/10.3390/buildings12050550,43,OpenAlex,"""centrifugal forming"" concrete"
B,19,Nanomodification of Lightweight Fiber Reinforced Concrete with Micro Silica and Its Influence on the Constructive Quality Coefficient,2021,Evgenii M. Shcherban’; Sergey A. Stel’makh; Alexey N. Beskopylny; Levon R. Mailyan; Besarion Meskhi; В. Н. Варавка,Materials,10.3390/ma14237347,https://doi.org/10.3390/ma14237347,40,OpenAlex,"""centrifuged concrete"""
B,20,Field Test and Numerical Simulation on the Long-Term Thermal Response of PHC Energy Pile in Layered Foundation,2021,Guozhu Zhang; Ziming Cao; Yiping Liu; Jiawei Chen,Sensors,10.3390/s21113873,https://doi.org/10.3390/s21113873,39,OpenAlex,"""spun concrete"" pipe pile"
C,1,3D printing using concrete extrusion: A roadmap for research,2018,Richard Buswell; W.R. Leal de Silva; Scott Z. Jones; Justin Dirrenberger,Cement and Concrete Research,10.1016/j.cemconres.2018.05.006,https://doi.org/10.1016/j.cemconres.2018.05.006,1465,OpenAlex,"""cement hydration"" gravity"
C,2,Cementation of sand soil by microbially induced calcite precipitation at various degrees of saturation,2013,Liang Cheng; R. Cord‐Ruwisch; Mohamed A. Shahin,Canadian Geotechnical Journal,10.1139/cgj-2012-0023,https://doi.org/10.1139/cgj-2012-0023,743,OpenAlex,"""cement hydration"" gravity"
C,3,Digital Concrete: A Review,2019,Timothy Wangler; Nicolas Roussel; Freek Bos; T.A.M. Salet; Robert J. Flatt,Cement and Concrete Research,10.1016/j.cemconres.2019.105780,https://doi.org/10.1016/j.cemconres.2019.105780,566,OpenAlex,"""hydration kinetics"" cement gravity"
C,4,"Extrusion-based additive manufacturing with cement-based materials – Production steps, processes, and their underlying physics: A review",2020,Viktor Mechtcherine; Freek Bos; Arnaud Perrot; W.R. Leal da Silva; Venkatesh Naidu Nerella; Shirin Fataei; Rob Wolfs; Mohammed Sonebi; Nicolas Roussel,Cement and Concrete Research,10.1016/j.cemconres.2020.106037,https://doi.org/10.1016/j.cemconres.2020.106037,546,OpenAlex,"""cement hydration"" gravity"
C,5,Development of geopolymer mortar under ambient temperature for in situ applications,2016,Mohammed Haloob Al-Majidi; Ανδρέας Λαμπρόπουλος; Andrew B. Cundy; S. T. Meikle,Construction and Building Materials,10.1016/j.conbuildmat.2016.05.085,https://doi.org/10.1016/j.conbuildmat.2016.05.085,403,OpenAlex,"""hydration kinetics"" cement gravity"
C,6,Multi-scale Modeling of Concrete Performance,2003,Koichi Maekawa; Tetsuya Ishida; Toshiharu Kishi,Journal of Advanced Concrete Technology,10.3151/jact.1.91,https://doi.org/10.3151/jact.1.91,399,OpenAlex,"""cement hydration"" gravity"
C,7,Effect of Metakaolin Content on the Properties of High Strength Concrete,2013,P. Dinakar; Pradosh K. Sahoo; G. Sriram,International Journal of Concrete Structures and Materials,10.1007/s40069-013-0045-0,https://doi.org/10.1007/s40069-013-0045-0,298,OpenAlex,"""cement hydration"" gravity"
C,8,Determination of cement hydration and pozzolanic reaction extents for fly-ash cement pastes,2011,Qiang Zeng; Kefei Li; Teddy Fen-Chong; Patrick Dangla,Construction and Building Materials,10.1016/j.conbuildmat.2011.07.007,https://doi.org/10.1016/j.conbuildmat.2011.07.007,290,OpenAlex,"""cement hydration"" gravity"
C,9,Improving printability of limestone-calcined clay-based cementitious materials by using viscosity-modifying admixture,2020,Yu Chen; Stefan Chaves Figueiredo; Zhenming Li; Ze Chang; Koen Jansen; Oğuzhan Çopuroğlu; Erik Schlangen,Cement and Concrete Research,10.1016/j.cemconres.2020.106040,https://doi.org/10.1016/j.cemconres.2020.106040,283,OpenAlex,"""hydration kinetics"" cement gravity"
C,10,Thermal treatment of kaolin clay to obtain metakaolin,2010,Biljana Ilić; Aleksandra Mitrović; Ljiljana Miličić,Hemijska industrija,10.2298/hemind100322014i,https://doi.org/10.2298/hemind100322014i,282,OpenAlex,"""cement hydration"" gravity"
C,11,The Role of Al in Cross‐Linking of Alkali‐Activated Slag Cements,2014,Rupert J. Myers; Susan A. Bernal; John D. Gehman; J.S.J. van Deventer; John L. Provis,Journal of the American Ceramic Society,10.1111/jace.13360,https://doi.org/10.1111/jace.13360,275,OpenAlex,"""hydration kinetics"" cement gravity"
C,12,Valorization of sewage sludge in the fabrication of construction and building materials: A review,2019,Zhiyang Chang; Guangcheng Long; John L. Zhou; Cong Ma,Resources Conservation and Recycling,10.1016/j.resconrec.2019.104606,https://doi.org/10.1016/j.resconrec.2019.104606,273,OpenAlex,"""hydration kinetics"" cement gravity|""solid waste"" ""accelerated carbonation"" slag"
C,13,Recent advances on yield stress and elasticity of fresh cement-based materials,2019,Nicolas Roussel; Hela Bessaies-Bey; Shiho Kawashima; Delphine Marchon; Ksenija Vasilić; Rob Wolfs,Cement and Concrete Research,10.1016/j.cemconres.2019.105798,https://doi.org/10.1016/j.cemconres.2019.105798,237,OpenAlex,"""hydration kinetics"" cement gravity"
C,14,"Effect of nano-silica particles on the hydration, the rheology and the strength development of a blended cement paste",2018,F. Lavergne; Rachid Belhadi; J. Carriat; Amor Ben Fraj,Cement and Concrete Composites,10.1016/j.cemconcomp.2018.10.007,https://doi.org/10.1016/j.cemconcomp.2018.10.007,200,OpenAlex,"""hydration kinetics"" cement gravity"
C,15,"Influence of SiO2, TiO2 and Fe2O3 nanoparticles on the properties of fly ash blended cement mortars",2020,Ding Siang Ng; Suvash Chandra Paul; Vivi Anggraini; Sih Ying Kong; Tanvir Qureshi; Claudia Romero Rodríguez; Qingfeng Liu; Branko Šavija,Construction and Building Materials,10.1016/j.conbuildmat.2020.119627,https://doi.org/10.1016/j.conbuildmat.2020.119627,176,OpenAlex,"""hydration kinetics"" cement gravity"
C,16,"Roles of carbonated recycled fines and aggregates in hydration, microstructure and mechanical properties of concrete: A critical review",2023,Tong Zhang; Meng Chen; Yuting Wang; Mingzhong Zhang,Cement and Concrete Composites,10.1016/j.cemconcomp.2023.104994,https://doi.org/10.1016/j.cemconcomp.2023.104994,170,OpenAlex,"""CO2 curing"" cementitious materials|""carbonated recycled concrete fines""|""hydration kinetics"" cement gravity|""rotating packed bed"" ""CO2"" ""calcium carbonate""|""rotating packed bed"" ""carbon dioxide"" mineralization|""rotating packed bed"" carbonation steel slag|""rotating packed bed"" mineral carbonation|""rotating packed bed"" precipitation calcium carbonate|""rotating packed bed"" reactive crystallization|""solid waste"" ""accelerated carbonation"" slag"
C,17,Understanding the behaviour of graphene oxide in Portland cement paste,2018,Sam Ghazizadeh; Philippe Duffour; Neal T. Skipper; Yun Bai,Cement and Concrete Research,10.1016/j.cemconres.2018.05.016,https://doi.org/10.1016/j.cemconres.2018.05.016,164,OpenAlex,"""cement hydration"" ""microgravity""|""cement paste"" ""microgravity"" hydration|""cementitious materials"" ""microgravity""|""microgravity"" ""cement paste"""
C,18,Bingham’s model in the oil and gas industry,2017,I.A. Frigaard; Kristofer Paso; Paulo R. de Souza Mendes,Rheologica Acta,10.1007/s00397-017-0999-y,https://doi.org/10.1007/s00397-017-0999-y,161,OpenAlex,"""hydration kinetics"" cement gravity"
C,19,Physico-chemical characterization of cupola slag: Enhancing its utility in construction,2024,Sangita Meshram; S. P. Raut; Jayant Giri; T. Sathish; Salahuddin Khan; Pallavi Giri,AIP Advances,10.1063/5.0219629,https://doi.org/10.1063/5.0219629,158,OpenAlex,"""cement hydration"" gravity"
C,20,Factors influencing the sulfate balance in pure phase C3S/C3A systems,2020,Franco Zunino; Karen Scrivener,Cement and Concrete Research,10.1016/j.cemconres.2020.106085,https://doi.org/10.1016/j.cemconres.2020.106085,157,OpenAlex,"""hydration kinetics"" cement gravity"
D,1,Strategies for mitigation of climate change: a review,2020,Samer Fawzy; Ahmed I. Osman; John Doran; David W. Rooney,Environmental Chemistry Letters,10.1007/s10311-020-01059-w,https://doi.org/10.1007/s10311-020-01059-w,1428,OpenAlex,"""CO2 sequestration"" concrete curing|""process intensification"" ""mineral carbonation""|""process intensification"" carbonation slag|""process intensified"" carbonation reactor"
D,2,"Carbonation of cement paste: Understanding, challenges, and opportunities",2016,Branko Šavija; Mladena Luković,Construction and Building Materials,10.1016/j.conbuildmat.2016.04.138,https://doi.org/10.1016/j.conbuildmat.2016.04.138,792,OpenAlex,"""CO2 sequestration"" concrete curing|""carbonation curing"" recycled aggregate concrete"
D,3,Microstructure of cement paste subject to early carbonation curing,2011,Vahid Rostami; Yixin Shao; Andrew J. Boyd; Zhen He,Cement and Concrete Research,10.1016/j.cemconres.2011.09.010,https://doi.org/10.1016/j.cemconres.2011.09.010,642,OpenAlex,"""carbonation curing"" concrete strength|""early age carbonation"" cement paste"
D,4,The utilization of eco-friendly recycled powder from concrete and brick waste in new concrete: A critical review,2020,Qin Tang; Zhiming Ma; Huixia Wu; Wan Wang,Cement and Concrete Composites,10.1016/j.cemconcomp.2020.103807,https://doi.org/10.1016/j.cemconcomp.2020.103807,504,OpenAlex,"""CO2 curing"" cementitious materials|""CO2 curing"" concrete strength"
D,5,Future and emerging supplementary cementitious materials,2023,Ruben Snellings; Prannoy Suraneni; Jørgen Skibsted,Cement and Concrete Research,10.1016/j.cemconres.2023.107199,https://doi.org/10.1016/j.cemconres.2023.107199,484,OpenAlex,"""BOF slag"" ""CO2 sequestration""|""CO2 curing"" cementitious materials|""carbonated slag"" cementitious material|""carbonated steel slag"" ""supplementary cementitious material""|""carbonation curing"" recycled aggregate concrete|""mineral carbonation"" ""cement replacement""|""solid waste"" ""accelerated carbonation"" slag|""steel slag"" ""CO2 mineralization"""
D,6,Use of a CO2 curing step to improve the properties of concrete prepared with recycled aggregates,2013,Shi-Cong Kou; Baojian Zhan; Chi Sun Poon,Cement and Concrete Composites,10.1016/j.cemconcomp.2013.09.008,https://doi.org/10.1016/j.cemconcomp.2013.09.008,424,OpenAlex,"""CO2 curing"" concrete strength"
D,7,Microstructural densification and CO2 uptake promoted by the carbonation curing of belite-rich Portland cement,2016,Jeong Gook Jang; Beomjoo Yang,Cement and Concrete Research,10.1016/j.cemconres.2016.01.001,https://doi.org/10.1016/j.cemconres.2016.01.001,386,OpenAlex,"""carbonation curing"" cement mortar"
D,8,Recent Progress in Green Cement Technology Utilizing Low-Carbon Emission Fuels and Raw Materials: A Review,2019,Ali Naqi; Jeong Gook Jang,Sustainability,10.3390/su11020537,https://doi.org/10.3390/su11020537,386,OpenAlex,"""carbonation curing"" recycled aggregate concrete"
D,9,Green remediation of As and Pb contaminated soil using cement-free clay-based stabilization/solidification,2019,Lei Wang; Dong-Wan Cho; Daniel C.W. Tsang; Xinde Cao; Deyi Hou; Zhengtao Shen; Daniel S. Alessi; Yong Sik Ok; Chi Sun Poon,Environment International,10.1016/j.envint.2019.02.057,https://doi.org/10.1016/j.envint.2019.02.057,335,OpenAlex,"""carbon dioxide curing"" concrete|""solid waste"" ""accelerated carbonation"" slag"
D,10,Mechanical performance and microstructure of the calcium carbonate binders produced by carbonating steel slag paste under CO2 curing,2016,Liwu Mo; Feng Zhang; Min Deng,Cement and Concrete Research,10.1016/j.cemconres.2016.05.013,https://doi.org/10.1016/j.cemconres.2016.05.013,329,OpenAlex,"""accelerated carbonation"" cement paste curing"
D,11,Accelerated carbonation and performance of concrete made with steel slag as binding materials and aggregates,2017,Liwu Mo; Feng Zhang; Min Deng; Fei Jin; Abir Al‐Tabbaa; Aiguo Wang,Cement and Concrete Composites,10.1016/j.cemconcomp.2017.07.018,https://doi.org/10.1016/j.cemconcomp.2017.07.018,328,OpenAlex,"""CO2 curing"" cementitious materials|""CO2 curing"" concrete strength|""carbonation curing"" concrete strength"
D,12,Impact of hydrated magnesium carbonate additives on the carbonation of reactive MgO cements,2013,Cise Unluer; Abir Al‐Tabbaa,Cement and Concrete Research,10.1016/j.cemconres.2013.08.009,https://doi.org/10.1016/j.cemconres.2013.08.009,328,OpenAlex,"""carbonation curing"" recycled aggregate concrete|""mineral carbonation"" ""cement replacement"""
D,13,Discontinuous micro-fibers as intrinsic reinforcement for ductile Engineered Cementitious Composites (ECC),2020,Duo Zhang; Jing Yu; Haoliang Wu; Beata Jaworska; Brian R. Ellis; Victor C. Li,Composites Part B Engineering,10.1016/j.compositesb.2020.107741,https://doi.org/10.1016/j.compositesb.2020.107741,326,OpenAlex,"""CO2 curing"" cementitious materials|""carbonation curing"" recycled aggregate concrete"
D,14,Effect of carbonation curing regime on strength and microstructure of Portland cement paste,2019,Tiefeng Chen; Xiaojian Gao,unclear,10.1016/j.jcou.2019.05.034,https://www.semanticscholar.org/paper/7e5e83880e954f6c1fef96e4562fe63dbaa4e8be,313,Semantic Scholar,"""carbonation curing"" cement mortar|""early age carbonation"" cement paste"
D,15,Green construction for low-carbon cities: a review,2023,Lin Chen; Lepeng Huang; Jianmin Hua; Zhonghao Chen; Lilong Wei; Ahmed I. Osman; Samer Fawzy; David W. Rooney; Liang Dong; Pow‐Seng Yap,Environmental Chemistry Letters,10.1007/s10311-022-01544-4,https://doi.org/10.1007/s10311-022-01544-4,304,OpenAlex,"""carbon dioxide curing"" concrete"
D,16,Effects of accelerated carbonation on the microstructure of Portland cement pastes containing reactive MgO,2012,H. J. Mo; Daman K. Panesar,Cement and Concrete Research,10.1016/j.cemconres.2012.02.017,https://doi.org/10.1016/j.cemconres.2012.02.017,296,OpenAlex,"""accelerated carbonation curing"" concrete|""accelerated carbonation"" cement paste curing"
D,17,Biochar as construction materials for achieving carbon neutrality,2022,Yuying Zhang; Mingjing He; Lei Wang; Jianhua Yan; Bin Ma; Xiaohong Zhu; Yong Sik Ok; Viktor Mechtcherine; Daniel C.W. Tsang,Biochar,10.1007/s42773-022-00182-x,https://doi.org/10.1007/s42773-022-00182-x,289,OpenAlex,"""carbon dioxide curing"" concrete|""carbonation curing"" recycled aggregate concrete"
D,18,Mathematical modeling of CO2 uptake by concrete during accelerated carbonation curing,2014,Sormeh Kashef-Haghighi; Yixin Shao; Subhasis Ghoshal,Cement and Concrete Research,10.1016/j.cemconres.2014.07.020,https://doi.org/10.1016/j.cemconres.2014.07.020,266,OpenAlex,"""accelerated carbonation curing"" concrete"
D,19,Carbonation Curing versus Steam Curing for Precast Concrete Production,2011,Vahid Rostami; Yixin Shao; Andrew J. Boyd,Journal of Materials in Civil Engineering,10.1061/(asce)mt.1943-5533.0000462,https://doi.org/10.1061/(asce)mt.1943-5533.0000462,258,OpenAlex,"""carbonation curing"" concrete strength"
D,20,An overview of utilizing CO2 for accelerated carbonation treatment in the concrete industry,2022,Liang Li; Min Wu,Journal of CO2 Utilization,10.1016/j.jcou.2022.102000,https://doi.org/10.1016/j.jcou.2022.102000,258,OpenAlex,"""BOF slag"" ""CO2 sequestration""|""CO2 sequestration"" concrete curing|""accelerated carbonation curing"" concrete|""carbonated slag"" cementitious material|""carbonated steel slag"" ""supplementary cementitious material""|""carbonation curing"" concrete strength|""carbonation curing"" recycled aggregate concrete|""early age carbonation"" cement paste|""high gravity"" ""mineral carbonation"" slag|""high gravity"" carbonation steel slag|""high gravity"" gas liquid solid reaction|""mineral carbonation"" ""cement replacement""|""rotating packed bed"" ""CO2"" ""calcium carbonate""|""rotating packed bed"" ""carbon dioxide"" mineralization|""rotating packed bed"" carbonation steel slag|""rotating packed bed"" mineral carbonation|""rotating packed bed"" precipitation calcium carbonate|""solid waste"" ""accelerated carbonation"" slag"
E,1,A review of mineral carbonation technologies to sequester CO<sub>2</sub>,2014,Aimaro Sanna; Mai Uibu; Giorgio Caramanna; Rein Kuusik; M. Mercedes Maroto‐Valer,Chemical Society Reviews,10.1039/c4cs00035h,https://doi.org/10.1039/c4cs00035h,1103,OpenAlex,"""mineral carbonation"" ""cement replacement""|""solid waste"" ""accelerated carbonation"" slag"
E,2,Future and emerging supplementary cementitious materials,2023,Ruben Snellings; Prannoy Suraneni; Jørgen Skibsted,Cement and Concrete Research,10.1016/j.cemconres.2023.107199,https://doi.org/10.1016/j.cemconres.2023.107199,484,OpenAlex,"""BOF slag"" ""CO2 sequestration""|""CO2 curing"" cementitious materials|""carbonated slag"" cementitious material|""carbonated steel slag"" ""supplementary cementitious material""|""carbonation curing"" recycled aggregate concrete|""mineral carbonation"" ""cement replacement""|""solid waste"" ""accelerated carbonation"" slag|""steel slag"" ""CO2 mineralization"""
E,3,CO2 Capture by Accelerated Carbonation of Alkaline Wastes: A Review on Its Principles and Applications,2012,Shu-Yuan Pan; E. E. Chang; Pen‐Chi Chiang,Aerosol and Air Quality Research,10.4209/aaqr.2012.06.0149,https://doi.org/10.4209/aaqr.2012.06.0149,428,OpenAlex,"""carbonated slag"" cementitious material|""high gravity"" ""mass transfer"" ""CO2""|""high gravity"" ""mineral carbonation"" slag|""high gravity"" carbonation steel slag|""high gravity"" gas liquid solid reaction|""rotating packed bed"" ""CO2"" ""calcium carbonate""|""rotating packed bed"" ""carbon dioxide"" mineralization|""rotating packed bed"" carbonation steel slag|""rotating packed bed"" mineral carbonation|""rotating packed bed"" precipitation calcium carbonate|""rotating packed bed"" reactive crystallization|""solid waste"" ""accelerated carbonation"" slag"
E,4,The properties of the self-compacting concrete with fly ash and ground granulated blast furnace slag mineral admixtures,2015,H Zhao; Wei Sun; Xiaoming Wu; Bo Gao,unclear,10.1016/j.jclepro.2015.02.050,https://www.semanticscholar.org/paper/b442fed740a6aad583773a470d7b24c1594758e3,423,Semantic Scholar,"""mineral carbonation"" ""cement replacement"""
E,5,Impact of hydrated magnesium carbonate additives on the carbonation of reactive MgO cements,2013,Cise Unluer; Abir Al‐Tabbaa,Cement and Concrete Research,10.1016/j.cemconres.2013.08.009,https://doi.org/10.1016/j.cemconres.2013.08.009,328,OpenAlex,"""carbonation curing"" recycled aggregate concrete|""mineral carbonation"" ""cement replacement"""
E,6,Effects of carbonated hardened cement paste powder on hydration and microstructure of Portland cement,2018,Bao Lu; C. Shi; Jiake Zhang; Jiyun Wang,Construction and Building Materials,10.1016/j.conbuildmat.2018.07.159,https://www.semanticscholar.org/paper/3e5e1a98afaa61c8b895223029da0113c1e9fccb,322,Semantic Scholar,"""carbonated waste concrete powder"" cement"
E,7,Carbonation of steel slag and gypsum for building materials and associated reaction mechanisms,2019,Xue Wang; W. Ni; Jiajie Li; Siqi Zhang; M. Hitch; R. Pascual,Cement and Concrete Research,10.1016/j.cemconres.2019.105893,https://www.semanticscholar.org/paper/4150c266dff55cabab491c65948d07a0794308c9,259,Semantic Scholar,"""carbide slag carbonation"" cement"
E,8,An overview of utilizing CO2 for accelerated carbonation treatment in the concrete industry,2022,Liang Li; Min Wu,Journal of CO2 Utilization,10.1016/j.jcou.2022.102000,https://doi.org/10.1016/j.jcou.2022.102000,258,OpenAlex,"""BOF slag"" ""CO2 sequestration""|""CO2 sequestration"" concrete curing|""accelerated carbonation curing"" concrete|""carbonated slag"" cementitious material|""carbonated steel slag"" ""supplementary cementitious material""|""carbonation curing"" concrete strength|""carbonation curing"" recycled aggregate concrete|""early age carbonation"" cement paste|""high gravity"" ""mineral carbonation"" slag|""high gravity"" carbonation steel slag|""high gravity"" gas liquid solid reaction|""mineral carbonation"" ""cement replacement""|""rotating packed bed"" ""CO2"" ""calcium carbonate""|""rotating packed bed"" ""carbon dioxide"" mineralization|""rotating packed bed"" carbonation steel slag|""rotating packed bed"" mineral carbonation|""rotating packed bed"" precipitation calcium carbonate|""solid waste"" ""accelerated carbonation"" slag"
E,9,Experimental characterization of the self-healing capacity of cement based materials and its effects on the material performance: A state of the art report by COST Action SARCOS WG2,2018,Liberato Ferrara; Tim Van Mullem; C. Alonso; Paola Antonaci; Ruben Paul Borg; Estefanía Cuenca; Anthony Jefferson; P.L. Ng; Alva Peled; Marta Roig‐Flores; Mercedes Sanchez; Christof Schroefl; Pedro Serna; Didier Snoeck; Jean‐Marc Tulliani; Nele De Belie,Construction and Building Materials,10.1016/j.conbuildmat.2018.01.143,https://doi.org/10.1016/j.conbuildmat.2018.01.143,246,OpenAlex,"""carbonated steel slag"" ""supplementary cementitious material"""
E,10,"Influence of mineral admixtures on compressive strength, gas permeability and carbonation of high performance concrete",2009,Hui-sheng Shi; Biwan Xu; Xiao-chen Zhou,unclear,10.1016/j.conbuildmat.2008.08.021,https://www.semanticscholar.org/paper/97b350e41f6422f356d5178d36db163509c33fa7,244,Semantic Scholar,"""mineral carbonation"" ""cement replacement"""
E,11,Carbon Capture and Utilization by mineralization of cement pastes derived from recycled concrete,2020,Jan Skoček; Maciej Zając; Mohsen Ben Haha,Scientific Reports,10.1038/s41598-020-62503-z,https://doi.org/10.1038/s41598-020-62503-z,222,OpenAlex,"""CO2 curing"" cementitious materials|""CO2 sequestration"" concrete curing|""carbonated recycled concrete fines""|""carbonation curing"" recycled aggregate concrete|""early age carbonation"" cement paste"
E,12,Carbon sequestration of steel slag and carbonation for activating RO phase,2020,Zhimin Chen; Rui Li; Xianming Zheng; Jiaxiang Liu,Cement and Concrete Research,10.1016/j.cemconres.2020.106271,https://doi.org/10.1016/j.cemconres.2020.106271,193,OpenAlex,"""carbonated steel slag"" cement"
E,13,Value added utilization of by-product electric furnace ferronickel slag as construction materials: A review,2018,Ashish Kumer Saha; Md. Nabi Newaz Khan; Prabir Kumar Sarker,Resources Conservation and Recycling,10.1016/j.resconrec.2018.02.034,https://doi.org/10.1016/j.resconrec.2018.02.034,185,OpenAlex,"""carbonated steel slag"" ""supplementary cementitious material"""
E,14,"Surface characterization of carbonated recycled concrete fines and its effect on the rheology, hydration and strength development of cement paste",2020,Xiaowei Ouyang; Liquan Wang; Shida Xu; Yuwei Ma; Guang Ye,Cement and Concrete Composites,10.1016/j.cemconcomp.2020.103809,https://doi.org/10.1016/j.cemconcomp.2020.103809,180,OpenAlex,"""carbonated recycled concrete fines"""
E,15,"Roles of carbonated recycled fines and aggregates in hydration, microstructure and mechanical properties of concrete: A critical review",2023,Tong Zhang; Meng Chen; Yuting Wang; Mingzhong Zhang,Cement and Concrete Composites,10.1016/j.cemconcomp.2023.104994,https://doi.org/10.1016/j.cemconcomp.2023.104994,170,OpenAlex,"""CO2 curing"" cementitious materials|""carbonated recycled concrete fines""|""hydration kinetics"" cement gravity|""rotating packed bed"" ""CO2"" ""calcium carbonate""|""rotating packed bed"" ""carbon dioxide"" mineralization|""rotating packed bed"" carbonation steel slag|""rotating packed bed"" mineral carbonation|""rotating packed bed"" precipitation calcium carbonate|""rotating packed bed"" reactive crystallization|""solid waste"" ""accelerated carbonation"" slag"
E,16,Fly Ash Application as Supplementary Cementitious Material: A Review,2022,Guanlei Li; Chengke Zhou; Waqas Ahmad; Kseniia Iurevna Usanova; M. Yu. Karelina; Abdeliazim Mustafa Mohamed; Rana Khallaf,Materials,10.3390/ma15072664,https://doi.org/10.3390/ma15072664,164,OpenAlex,"""mineral carbonation"" ""cement replacement"""
E,17,CO2 Mineralization and Utilization using Steel Slag for Establishing a Waste-to-Resource Supply Chain,2017,Shu-Yuan Pan; Tai-Chun Chung; Chang-Ching Ho; Chin-Jen Hou; Yi‐Hung Chen; Pen‐Chi Chiang,Scientific Reports,10.1038/s41598-017-17648-9,https://doi.org/10.1038/s41598-017-17648-9,161,OpenAlex,"""carbonated slag"" cementitious material|""high gravity"" ""mass transfer"" ""CO2""|""high gravity"" ""mineral carbonation"" slag|""high gravity"" carbonation steel slag|""high gravity"" gas liquid solid reaction|""high-gravity carbonation"" steel slag|""rotating packed bed"" ""carbon dioxide"" mineralization|""rotating packed bed"" carbonation steel slag|""rotating packed bed"" mineral carbonation|""solid waste"" ""accelerated carbonation"" slag|""steel slag"" ""CO2 mineralization"""
E,18,Effect of limestone fillers on microstructure and permeability due to carbonation of cement pastes under controlled CO2 pressure conditions,2015,Q. Phung; N. Maes; D. Jacques; E. Bruneel; I. Driessche; G. Ye; G. Schutter,unclear,10.1016/j.conbuildmat.2015.02.093,https://www.semanticscholar.org/paper/c6be398979a4e11e760923f699701f1e65a42cfe,150,Semantic Scholar,"""carbonated waste concrete powder"" cement"
E,19,"Accelerated carbonation of steel slag: A review of methods, mechanisms and influencing factors",2023,Xiaoli Huang; Junfei Zhang; Lei Zhang,Construction and Building Materials,10.1016/j.conbuildmat.2023.134603,https://doi.org/10.1016/j.conbuildmat.2023.134603,147,OpenAlex,"""carbonated steel slag"" cement"
E,20,Transformation of abundant magnesium silicate minerals for enhanced CO2 sequestration,2021,Allan Scott; Christopher Oze; Vineet Shah; Nan Yang; Barney Shanks; Christopher Cheeseman; Aaron T. Marshall; Matthew J. Watson,Communications Earth & Environment,10.1038/s43247-021-00099-6,https://doi.org/10.1038/s43247-021-00099-6,143,OpenAlex,"""mineral carbonation"" ""cement replacement"""
F,1,Removal of heavy metal ions from wastewater: a comprehensive and critical review,2021,Naef A.A. Qasem; Ramy H. Mohammed; Dahiru U. Lawal,npj Clean Water,10.1038/s41545-021-00127-0,https://doi.org/10.1038/s41545-021-00127-0,2029,OpenAlex,"""high gravity"" ""mass transfer"" ""CO2""|""high gravity"" gas liquid solid reaction"
F,2,A Review of CO2 Capture by Absorption and Adsorption,2012,Cheng‐Hsiu Yu; Chih‐Hung Huang; Chung‐Sung Tan,Aerosol and Air Quality Research,10.4209/aaqr.2012.05.0132,https://doi.org/10.4209/aaqr.2012.05.0132,1698,OpenAlex,"""high gravity"" ""mass transfer"" ""CO2""|""high gravity"" gas liquid solid reaction|""process intensified"" carbonation reactor|""rotating packed bed"" ""CO2"" ""calcium carbonate""|""rotating packed bed"" ""carbon dioxide"" mineralization|""rotating packed bed"" mineral carbonation|""rotating packed bed"" precipitation calcium carbonate"
F,3,Strategies for mitigation of climate change: a review,2020,Samer Fawzy; Ahmed I. Osman; John Doran; David W. Rooney,Environmental Chemistry Letters,10.1007/s10311-020-01059-w,https://doi.org/10.1007/s10311-020-01059-w,1428,OpenAlex,"""CO2 sequestration"" concrete curing|""process intensification"" ""mineral carbonation""|""process intensification"" carbonation slag|""process intensified"" carbonation reactor"
F,4,Post-combustion CO2 capture with chemical absorption: A state-of-the-art review,2010,Meihong Wang; Adekola Lawal; P.L. Stephenson; J. Sidders; Colin Ramshaw,Process Safety and Environmental Protection,10.1016/j.cherd.2010.11.005,https://doi.org/10.1016/j.cherd.2010.11.005,1414,OpenAlex,"""high gravity"" ""mass transfer"" ""CO2""|""high gravity"" gas liquid solid reaction"
F,5,Bioconversion of lignocellulose: inhibitors and detoxification,2013,Leif J. Jönsson; Björn Alriksson; Nils‐Olof Nilvebrant,Biotechnology for Biofuels,10.1186/1754-6834-6-16,https://doi.org/10.1186/1754-6834-6-16,1382,OpenAlex,"""high gravity"" gas liquid solid reaction"
F,6,Innovation in Layer-by-Layer Assembly,2016,Joseph J. Richardson; Jiwei Cui; Mattias Björnmalm; Julia A. Braunger; Hirotaka Ejima; Frank Caruso,Chemical Reviews,10.1021/acs.chemrev.6b00627,https://doi.org/10.1021/acs.chemrev.6b00627,883,OpenAlex,"""high gravity"" gas liquid solid reaction"
F,7,Carbon Capture and Utilization Update,2017,Ahmed Al‐Mamoori; Anirudh Krishnamurthy; Ali A. Rownaghi; Fateme Rezaei,Energy Technology,10.1002/ente.201600747,https://doi.org/10.1002/ente.201600747,688,OpenAlex,"""process intensification"" ""mineral carbonation""|""process intensified"" carbonation reactor"
F,8,Bioethanol Production from Renewable Raw Materials and its Separation and Purification: a Review,2018,Arijana Bušić; Nenad Marđetko; Semjon Kundas; Galina Morzak; Halina Belskaya; Mirela Ivančić Šantek; Draženka Komes; Srđan Novak; Božidar Šantek,Food Technology and Biotechnology,10.17113/ftb.56.03.18.5546,https://doi.org/10.17113/ftb.56.03.18.5546,594,OpenAlex,"""high gravity"" ""mass transfer"" ""CO2""|""high gravity"" gas liquid solid reaction"
F,9,"High drug-loading nanomedicines: progress, current status, and prospects",2017,Shihong Shen; Youshen Wu; Yongchun Liu; Daocheng Wu,International Journal of Nanomedicine,10.2147/ijn.s132780,https://doi.org/10.2147/ijn.s132780,593,OpenAlex,"""high gravity"" gas liquid solid reaction"
F,10,New Spectral Types L and T,2005,J. Davy Kirkpatrick,Annual Review of Astronomy and Astrophysics,10.1146/annurev.astro.42.053102.134017,https://doi.org/10.1146/annurev.astro.42.053102.134017,559,OpenAlex,"""high gravity"" gas liquid solid reaction"
F,11,"Biomass-based chemical looping technologies: the good, the bad and the future",2017,Xiao Zhao; Hui Zhou; Vineet Singh Sikarwar; Ming Zhao; Ah‐Hyung Alissa Park; Paul S. Fennell; Laihong Shen; Liang‐Shih Fan,Energy & Environmental Science,10.1039/c6ee03718f,https://doi.org/10.1039/c6ee03718f,540,OpenAlex,"""process intensification"" carbonation slag|""process intensified"" carbonation reactor"
F,12,"Natural deep eutectic solvents for lignocellulosic biomass pretreatment: Recent developments, challenges and novel opportunities",2018,Alok Satlewal; Ruchi Agrawal; Samarthya Bhagia; Joshua Sangoro; Arthur J. Ragauskas,Biotechnology Advances,10.1016/j.biotechadv.2018.08.009,https://doi.org/10.1016/j.biotechadv.2018.08.009,524,OpenAlex,"""high gravity"" ""mass transfer"" ""CO2""|""high gravity"" gas liquid solid reaction"
F,13,Chemical looping beyond combustion – a perspective,2020,Xing Zhu; Qasim Imtiaz; Felix Donat; Christoph R. Müller; Fanxing Li,Energy & Environmental Science,10.1039/c9ee03793d,https://doi.org/10.1039/c9ee03793d,516,OpenAlex,"""process intensified"" carbonation reactor"
F,14,CO2 mineral carbonation using industrial solid wastes: A review of recent developments,2021,Weizao Liu; Liumei Teng; Sohrab Rohani; Zhifeng Qin; Bin Zhao; Chunbao Xu; Shan Ren; Qingcai Liu; Bin Liang,Chemical Engineering Journal,10.1016/j.cej.2021.129093,https://doi.org/10.1016/j.cej.2021.129093,464,OpenAlex,"""process intensification"" ""mineral carbonation""|""steel slag"" ""CO2 mineralization"""
F,15,Synthesis of Nanoparticles with Novel Technology: High-Gravity Reactive Precipitation,2000,Jian‐Feng Chen; Yuhong Wang; Fen Guo; Xinming Wang; Chong Zheng,Industrial & Engineering Chemistry Research,10.1021/ie990549a,https://doi.org/10.1021/ie990549a,455,OpenAlex,"""high gravity"" gas liquid solid reaction"
F,16,Outlook of carbon capture technology and challenges,2018,Tabbi Wilberforce; Ahmad Baroutaji; Bassel Soudan; Abdul Hai Alami; A.G. Olabi,The Science of The Total Environment,10.1016/j.scitotenv.2018.11.424,https://doi.org/10.1016/j.scitotenv.2018.11.424,443,OpenAlex,"""process intensification"" carbonation slag|""process intensified"" carbonation reactor"
F,17,Emerging CO2 capture systems,2015,J.C. Abánades; B. Arias; Anders Lyngfelt; Tobias Mattisson; Dianne E. Wiley; Hongshou Li; Minh T. Ho; Enzo Mangano; Stefano Brandani,International journal of greenhouse gas control,10.1016/j.ijggc.2015.04.018,https://doi.org/10.1016/j.ijggc.2015.04.018,438,OpenAlex,"""process intensification"" ""mineral carbonation""|""process intensified"" carbonation reactor"
F,18,CO2 Capture by Accelerated Carbonation of Alkaline Wastes: A Review on Its Principles and Applications,2012,Shu-Yuan Pan; E. E. Chang; Pen‐Chi Chiang,Aerosol and Air Quality Research,10.4209/aaqr.2012.06.0149,https://doi.org/10.4209/aaqr.2012.06.0149,428,OpenAlex,"""carbonated slag"" cementitious material|""high gravity"" ""mass transfer"" ""CO2""|""high gravity"" ""mineral carbonation"" slag|""high gravity"" carbonation steel slag|""high gravity"" gas liquid solid reaction|""rotating packed bed"" ""CO2"" ""calcium carbonate""|""rotating packed bed"" ""carbon dioxide"" mineralization|""rotating packed bed"" carbonation steel slag|""rotating packed bed"" mineral carbonation|""rotating packed bed"" precipitation calcium carbonate|""rotating packed bed"" reactive crystallization|""solid waste"" ""accelerated carbonation"" slag"
F,19,Process intensification for post-combustion CO2 capture with chemical absorption: A critical review,2015,Meihong Wang; Atuman Samaila Joel; Colin Ramshaw; Dag A. Eimer; Nuhu M. Musa,Applied Energy,10.1016/j.apenergy.2015.08.083,https://doi.org/10.1016/j.apenergy.2015.08.083,420,OpenAlex,"""rotating packed bed"" reactive crystallization"
F,20,Photocatalytic Degradation of Organic and Inorganic Pollutants to Harmless End Products: Assessment of Practical Application Potential for Water and Air Cleaning,2023,Pavel Afanasiev; Crina Anastasescu; Razvan State; Anca Vasile; Florica Papa; Ioan Balint,Catalysts,10.3390/catal13020380,https://doi.org/10.3390/catal13020380,344,OpenAlex,"""high gravity"" ""mass transfer"" ""CO2""|""high gravity"" gas liquid solid reaction"
