"file_name","journal_or_source","matched_direction","scie_status","impact_factor_or_note","citescore_or_note","mainstream_relevance","project_relevance","verification_source"
"A novel casting procedure for SFRC piles without shear reinforcement using the centrifugal forming technique.pdf","Construction and Building Materials","B","SCIE verified from journal page","Impact Factor 8.0","CiteScore 13.9","Mainstream SCI/SCIE engineering-materials journal","Strong B background; low-to-medium E+D+A relevance","https://www.sciencedirect.com/journal/construction-and-building-materials/about/insights"
"Absorption kinetics of superabsorbent polymers (SAP) in various cement-based solutions.pdf","Cement and Concrete Research","Other","SCIE verified from journal page","Impact Factor 13.1","CiteScore 23.5","Top mainstream cement/concrete materials journal","Low project relevance; not aligned with carbonated SCM or hypergravity","https://www.sciencedirect.com/journal/cement-and-concrete-research/about/insights"
"Centrifugal model tests on the structural response of the shield tunnel when constructing cross passages by mechanical methods.pdf","Tunnelling and Underground Space Technology","C","SCIE verified from journal page","Impact Factor 7.4","CiteScore 13.0","Mainstream SCIE tunnelling/geotechnical journal","Low for E+D+A; only centrifuge model background","https://www.sciencedirect.com/journal/tunnelling-and-underground-space-technology/about/insights"
"Centrifugally sprayed Engineered Cementitious Composites  Rheology  mechanics and structural retrfit for concrete pipes.pdf","Cement and Concrete Composites","B","SCIE verified from journal page","Impact Factor 13.1","CiteScore 22.5","Top mainstream cement/concrete composites journal","Useful B/ECC background; not direct carbonated SCM evidence","https://www.sciencedirect.com/journal/cement-and-concrete-composites/about/insights"
"Comparative study of acid mine drainage neutralization by calcium hydroxide and concrete sludge–derived material.pdf","Minerals Engineering","E","SCIE verified from journal page","Impact Factor 5.0","CiteScore 9.2","Mainstream SCIE mineral processing journal","High local value for E solid-waste/concrete-sludge background; verify cementitious relevance manually","https://www.sciencedirect.com/journal/minerals-engineering/about/insights"
"Design of thin-walled centrifugal concrete-filled steel tubes under torsion.pdf","Thin-Walled Structures","B","SCIE verified from journal page","Impact Factor 6.6","CiteScore 10.4","Mainstream SCIE structural/mechanical engineering journal","B structural background; low E+D+A relevance","https://www.sciencedirect.com/journal/thin-walled-structures/about/insights"
"Durable life assessment of centrifugal stratified PHC piles in marine environment.pdf","Engineering Structures","B","SCIE verified from journal page","Impact Factor 6.4","CiteScore 11.2","Mainstream SCIE structural engineering journal","B durability background; low E+D+A relevance","https://www.sciencedirect.com/journal/engineering-structures/about/insights"
"Dynamic response of the saturated soil–reinforced concrete pile–superstructure interaction under repeated shaking.pdf","Soil Dynamics and Earthquake Engineering","Other","SCIE verified from journal page","Impact Factor 4.6","CiteScore 7.9","Mainstream SCIE soil dynamics/geotechnical journal","Low project relevance; geotechnical/structural dynamics background only","https://www.sciencedirect.com/journal/soil-dynamics-and-earthquake-engineering/about/insights"
"Experimental and numerical analyses of lightweight foamed concrete as filler for widening embankment.pdf","Construction and Building Materials","Other","SCIE verified from journal page","Impact Factor 8.0","CiteScore 13.9","Mainstream SCI/SCIE engineering-materials journal","Low project relevance; generic concrete application","https://www.sciencedirect.com/journal/construction-and-building-materials/about/insights"
"Experimental investigation of thin-walled centrifugal concrete-filled steel tubes under torsion.pdf","Thin-Walled Structures","B","SCIE verified from journal page","Impact Factor 6.6","CiteScore 10.4","Mainstream SCIE structural/mechanical engineering journal","B structural background; low E+D+A relevance","https://www.sciencedirect.com/journal/thin-walled-structures/about/insights"
"Flexural performance of pretensioned centrifugal spun concrete piles with.pdf","Structures","B","SCIE verified from journal page","Impact Factor 4.3","CiteScore 6.5","Mainstream SCIE structural engineering journal","B pile background; low E+D+A relevance","https://www.sciencedirect.com/journal/structures/about/insights"
"Mix preparation for higher strength concretes for transport infrastructure.pdf","unclear","Other","Unverified","unclear","unclear","Cannot confirm SCI/mainstream status from filename metadata","Low project relevance; needs manual bibliographic identification","需人工通过 Web of Science / JCR / 中科院分区核验"
"Reaction between CO2 and CaO under dry grinding.pdf","Powder Technology","A","SCIE verified from journal page","Impact Factor 4.6","CiteScore 9.0","Mainstream SCIE powder/particle technology journal","High local value for A equivalent intensified carbonation mechanism; not direct concrete evidence","https://www.sciencedirect.com/journal/powder-technology/about/insights"
"Seismic performance of high-strength centrifugally prefabricated RC hollow pipe columns using grouted bellows connection.pdf","Engineering Structures","B","SCIE verified from journal page","Impact Factor 6.4","CiteScore 11.2","Mainstream SCIE structural engineering journal","B structural background; low E+D+A relevance","https://www.sciencedirect.com/journal/engineering-structures/about/insights"
"城市固体废弃物填埋场环境土力学研究进展_陈云敏.pdf","unclear","E","Unverified","unclear","unclear","Cannot confirm SCI/mainstream status from filename metadata","Possible solid-waste background; not cementitious carbonation evidence","需人工通过 Web of Science / JCR / 中科院分区核验"
"新疆吉林台混凝土面板堆石坝离心模型试验研究_王年香.pdf","unclear","C","Unverified","unclear","unclear","Cannot confirm SCI/mainstream status from filename metadata","Low E+D+A relevance; centrifuge model/dam background","需人工通过 Web of Science / JCR / 中科院分区核验"
"浅谈管桩离心时间对混凝土强度的影响_盛晓宁.pdf","unclear","B","Unverified","unclear","unclear","Cannot confirm SCI/mainstream status from filename metadata","B Chinese engineering background; source level needs manual check","需人工通过 Web of Science / JCR / 中科院分区核验"
"甘肃九甸峡水电站混凝土面板堆石坝离心模拟试验研究_张延亿.pdf","unclear","C","Unverified","unclear","unclear","Cannot confirm SCI/mainstream status from filename metadata","Low E+D+A relevance; centrifuge model/dam background","需人工通过 Web of Science / JCR / 中科院分区核验"
"离心钢管混凝土材料特性数值分析_曲晨.pdf","unclear","B","Unverified","unclear","unclear","Cannot confirm SCI/mainstream status from filename metadata","B Chinese structural/material background; source level needs manual check","需人工通过 Web of Science / JCR / 中科院分区核验"
"离心钢管混凝土粘结-滑移本构关系理论分析_袁伟斌.pdf","unclear","B","Unverified","unclear","unclear","Cannot confirm SCI/mainstream status from filename metadata","B Chinese structural background; source level needs manual check","需人工通过 Web of Science / JCR / 中科院分区核验"
"薄壁离心钢管混凝土构件抗扭试验研究_金伟良.pdf","unclear","B","Unverified","unclear","unclear","Cannot confirm SCI/mainstream status from filename metadata","B Chinese structural background; may overlap with Thin-Walled Structures topic","需人工通过 Web of Science / JCR / 中科院分区核验"
"超重力高温高压实验与超重力高温高压实验装置_励音骐.pdf","unclear","A","Unverified","unclear","unclear","Cannot confirm SCI/mainstream status from filename metadata","A equipment background only; needs source-level verification","需人工通过 Web of Science / JCR / 中科院分区核验"
