direction,direction_id,query,request_type,from_year_note,retrieved_at,status,status_code,x_els_status,error,api_url,quota_limit,quota_remaining,attempts,returned_records,total_results,doi
centrifuged_concrete,D1,"""centrifuged concrete""",search,1990.0,2026-05-25T14:29:02.964096+00:00,ok,200,OK,unclear,https://api.elsevier.com/content/search/sciencedirect?query=%22centrifuged+concrete%22&count=20&start=0,20000,19810,1,20.0,28313,
centrifuged_concrete,D1,"""centrifugal casting concrete""",search,1990.0,2026-05-25T14:29:08.303437+00:00,ok,200,OK,unclear,https://api.elsevier.com/content/search/sciencedirect?query=%22centrifugal+casting+concrete%22&count=20&start=0,20000,19809,1,20.0,1638,
centrifuged_concrete,D1,"""centrifugally cast concrete""",search,1990.0,2026-05-25T14:29:10.037820+00:00,ok,200,OK,unclear,https://api.elsevier.com/content/search/sciencedirect?query=%22centrifugally+cast+concrete%22&count=20&start=0,20000,19808,1,20.0,2742,
centrifuged_concrete,D1,"""centrifugally formed concrete""",search,1990.0,2026-05-25T14:29:11.321849+00:00,ok,200,OK,unclear,https://api.elsevier.com/content/search/sciencedirect?query=%22centrifugally+formed+concrete%22&count=20&start=0,20000,19807,1,20.0,10534,
centrifuged_concrete,D1,"""spun concrete""",search,1990.0,2026-05-25T14:29:13.034525+00:00,ok,200,OK,unclear,https://api.elsevier.com/content/search/sciencedirect?query=%22spun+concrete%22&count=20&start=0,20000,19806,1,20.0,4152,
centrifuged_concrete,D1,"""PHC pile""",search,1990.0,2026-05-25T14:29:14.828995+00:00,ok,200,OK,unclear,https://api.elsevier.com/content/search/sciencedirect?query=%22PHC+pile%22&count=20&start=0,20000,19805,1,20.0,772,
centrifuged_concrete,D1,"""prestressed high-strength concrete pipe pile""",search,1990.0,2026-05-25T14:29:16.351974+00:00,ok,200,OK,unclear,https://api.elsevier.com/content/search/sciencedirect?query=%22prestressed+high-strength+concrete+pipe+pile%22&count=20&start=0,20000,19804,1,20.0,810,
centrifuged_concrete,D1,"""hollow concrete pile""",search,1990.0,2026-05-25T14:29:18.261022+00:00,ok,200,OK,unclear,https://api.elsevier.com/content/search/sciencedirect?query=%22hollow+concrete+pile%22&count=20&start=0,20000,19803,1,20.0,4731,
centrifuged_concrete,D1,"""concrete pipe pile""",search,1990.0,2026-05-25T14:29:19.451974+00:00,ok,200,OK,unclear,https://api.elsevier.com/content/search/sciencedirect?query=%22concrete+pipe+pile%22&count=20&start=0,20000,19802,1,20.0,10402,
centrifuged_concrete,D1,"""centrifugal forming technique"" concrete",search,1990.0,2026-05-25T14:29:20.709723+00:00,ok,200,OK,unclear,https://api.elsevier.com/content/search/sciencedirect?query=%22centrifugal+forming+technique%22+concrete&count=20&start=0,20000,19801,1,2.0,2,
geotechnical_centrifuge_modeling,D2,"""geotechnical centrifuge modeling"" concrete",search,1990.0,2026-05-25T14:29:22.265679+00:00,ok,200,OK,unclear,https://api.elsevier.com/content/search/sciencedirect?query=%22geotechnical+centrifuge+modeling%22+concrete&count=20&start=0,20000,19800,1,20.0,67,
geotechnical_centrifuge_modeling,D2,"""geotechnical centrifuge modelling"" concrete",search,1990.0,2026-05-25T14:29:23.679881+00:00,ok,200,OK,unclear,https://api.elsevier.com/content/search/sciencedirect?query=%22geotechnical+centrifuge+modelling%22+concrete&count=20&start=0,20000,19799,1,20.0,67,
geotechnical_centrifuge_modeling,D2,"""centrifuge model test"" concrete",search,1990.0,2026-05-25T14:29:25.224753+00:00,ok,200,OK,unclear,https://api.elsevier.com/content/search/sciencedirect?query=%22centrifuge+model+test%22+concrete&count=20&start=0,20000,19798,1,20.0,830,
geotechnical_centrifuge_modeling,D2,"""geotechnical centrifuge test"" concrete",search,1990.0,2026-05-25T14:29:26.774919+00:00,ok,200,OK,unclear,https://api.elsevier.com/content/search/sciencedirect?query=%22geotechnical+centrifuge+test%22+concrete&count=20&start=0,20000,19797,1,20.0,80,
geotechnical_centrifuge_modeling,D2,"""shield tunnel"" AND centrifuge",search,1990.0,2026-05-25T14:29:29.098996+00:00,ok,200,OK,unclear,https://api.elsevier.com/content/search/sciencedirect?query=%22shield+tunnel%22+AND+centrifuge&count=20&start=0,20000,19796,1,20.0,572,
geotechnical_centrifuge_modeling,D2,"""cross passage"" AND centrifuge",search,1990.0,2026-05-25T14:29:30.932637+00:00,ok,200,OK,unclear,https://api.elsevier.com/content/search/sciencedirect?query=%22cross+passage%22+AND+centrifuge&count=20&start=0,20000,19795,1,20.0,51,
geotechnical_centrifuge_modeling,D2,"""soil-structure interaction"" AND centrifuge AND concrete",search,1990.0,2026-05-25T14:29:32.308942+00:00,ok,200,OK,unclear,https://api.elsevier.com/content/search/sciencedirect?query=%22soil-structure+interaction%22+AND+centrifuge+AND+concrete&count=20&start=0,20000,19794,1,20.0,1038,
geotechnical_centrifuge_modeling,D2,"""concrete lining"" AND centrifuge",search,1990.0,2026-05-25T14:29:33.784369+00:00,ok,200,OK,unclear,https://api.elsevier.com/content/search/sciencedirect?query=%22concrete+lining%22+AND+centrifuge&count=20&start=0,20000,19793,1,20.0,206,
geotechnical_centrifuge_modeling,D2,"""pile foundation"" AND centrifuge AND concrete",search,1990.0,2026-05-25T14:29:35.064951+00:00,ok,200,OK,unclear,https://api.elsevier.com/content/search/sciencedirect?query=%22pile+foundation%22+AND+centrifuge+AND+concrete&count=20&start=0,20000,19792,1,20.0,787,
gravity_cement_hydration,D3,"""cement hydration"" AND microgravity",search,1990.0,2026-05-25T14:29:36.360525+00:00,ok,200,OK,unclear,https://api.elsevier.com/content/search/sciencedirect?query=%22cement+hydration%22+AND+microgravity&count=20&start=0,20000,19791,1,19.0,19,
gravity_cement_hydration,D3,"""cement hydration"" AND hypergravity",search,1990.0,2026-05-25T14:29:37.841208+00:00,ok,200,OK,unclear,https://api.elsevier.com/content/search/sciencedirect?query=%22cement+hydration%22+AND+hypergravity&count=20&start=0,20000,19790,1,6.0,6,
gravity_cement_hydration,D3,"""cement paste"" AND gravity",search,1990.0,2026-05-25T14:29:39.625845+00:00,ok,200,OK,unclear,https://api.elsevier.com/content/search/sciencedirect?query=%22cement+paste%22+AND+gravity&count=20&start=0,20000,19789,1,20.0,12831,
gravity_cement_hydration,D3,"""cement hydration"" AND centrifugation",search,1990.0,2026-05-25T14:29:40.969447+00:00,ok,200,OK,unclear,https://api.elsevier.com/content/search/sciencedirect?query=%22cement+hydration%22+AND+centrifugation&count=20&start=0,20000,19788,1,20.0,2041,
gravity_cement_hydration,D3,"""calcium silicate hydrate"" AND microgravity",search,1990.0,2026-05-25T14:29:42.343001+00:00,ok,200,OK,unclear,https://api.elsevier.com/content/search/sciencedirect?query=%22calcium+silicate+hydrate%22+AND+microgravity&count=20&start=0,20000,19787,1,12.0,12,
gravity_cement_hydration,D3,"""C-S-H"" AND gravity",search,1990.0,2026-05-25T14:29:43.621595+00:00,ok,200,OK,unclear,https://api.elsevier.com/content/search/sciencedirect?query=%22C-S-H%22+AND+gravity&count=20&start=0,20000,19786,1,20.0,11430,
gravity_cement_hydration,D3,"""cement solidification"" AND microgravity",search,1990.0,2026-05-25T14:29:45.363533+00:00,ok,200,OK,unclear,https://api.elsevier.com/content/search/sciencedirect?query=%22cement+solidification%22+AND+microgravity&count=20&start=0,20000,19785,1,7.0,7,
high_gravity_carbonation_mineralization,D4,"""high gravity carbonation""",search,1990.0,2026-05-25T14:29:46.710297+00:00,ok,200,OK,unclear,https://api.elsevier.com/content/search/sciencedirect?query=%22high+gravity+carbonation%22&count=20&start=0,20000,19784,1,20.0,8241,
high_gravity_carbonation_mineralization,D4,"""rotating packed bed"" AND carbonation",search,1990.0,2026-05-25T14:29:48.231802+00:00,ok,200,OK,unclear,https://api.elsevier.com/content/search/sciencedirect?query=%22rotating+packed+bed%22+AND+carbonation&count=20&start=0,20000,19783,1,20.0,202,
high_gravity_carbonation_mineralization,D4,"""rotating packed bed"" AND cement",search,1990.0,2026-05-25T14:29:49.718627+00:00,ok,200,OK,unclear,https://api.elsevier.com/content/search/sciencedirect?query=%22rotating+packed+bed%22+AND+cement&count=20&start=0,20000,19782,1,20.0,233,
high_gravity_carbonation_mineralization,D4,"""rotating packed bed"" AND ""calcium hydroxide""",search,1990.0,2026-05-25T14:29:51.041488+00:00,ok,200,OK,unclear,https://api.elsevier.com/content/search/sciencedirect?query=%22rotating+packed+bed%22+AND+%22calcium+hydroxide%22&count=20&start=0,20000,19781,1,20.0,81,
high_gravity_carbonation_mineralization,D4,"""rotating packed bed"" AND CaO",search,1990.0,2026-05-25T14:29:52.432592+00:00,ok,200,OK,unclear,https://api.elsevier.com/content/search/sciencedirect?query=%22rotating+packed+bed%22+AND+CaO&count=20&start=0,20000,19780,1,20.0,336,
high_gravity_carbonation_mineralization,D4,"""CO2 mineralization"" AND cement",search,1990.0,2026-05-25T14:29:53.849857+00:00,ok,200,OK,unclear,https://api.elsevier.com/content/search/sciencedirect?query=%22CO2+mineralization%22+AND+cement&count=20&start=0,20000,19779,1,20.0,367,
high_gravity_carbonation_mineralization,D4,"""CO2 mineralisation"" AND cement",search,1990.0,2026-05-25T14:29:55.403196+00:00,ok,200,OK,unclear,https://api.elsevier.com/content/search/sciencedirect?query=%22CO2+mineralisation%22+AND+cement&count=20&start=0,20000,19778,1,20.0,367,
high_gravity_carbonation_mineralization,D4,"""accelerated carbonation"" AND ""cement paste""",search,1990.0,2026-05-25T14:29:56.753066+00:00,ok,200,OK,unclear,https://api.elsevier.com/content/search/sciencedirect?query=%22accelerated+carbonation%22+AND+%22cement+paste%22&count=20&start=0,20000,19777,1,20.0,2194,
high_gravity_carbonation_mineralization,D4,"""accelerated carbonation"" AND ""recycled concrete fines""",search,1990.0,2026-05-25T14:29:58.009428+00:00,ok,200,OK,unclear,https://api.elsevier.com/content/search/sciencedirect?query=%22accelerated+carbonation%22+AND+%22recycled+concrete+fines%22&count=20&start=0,20000,19776,1,20.0,130,
high_gravity_carbonation_mineralization,D4,"""carbonation curing"" AND cementitious",search,1990.0,2026-05-25T14:29:59.328818+00:00,ok,200,OK,unclear,https://api.elsevier.com/content/search/sciencedirect?query=%22carbonation+curing%22+AND+cementitious&count=20&start=0,20000,19775,1,20.0,1429,
centrifuged_concrete,D1,"""spun concrete""",abstract_metadata,,2026-05-25T14:30:01.417988+00:00,ok,200,OK,unclear,https://api.elsevier.com/content/abstract/doi/10.1016%2Fj.cscm.2023.e02478,10000,9491,1,,,10.1016/j.cscm.2023.e02478
centrifuged_concrete,D1,"""centrifugal forming technique"" concrete",abstract_metadata,,2026-05-25T14:30:03.911863+00:00,ok,200,OK,unclear,https://api.elsevier.com/content/abstract/doi/10.1016%2Fj.conbuildmat.2021.124232,10000,9490,1,,,10.1016/j.conbuildmat.2021.124232
centrifuged_concrete,D1,"""PHC pile""",abstract_metadata,,2026-05-25T14:30:05.298477+00:00,ok,200,OK,unclear,https://api.elsevier.com/content/abstract/doi/10.1016%2Fj.sandf.2022.101163,10000,9489,1,,,10.1016/j.sandf.2022.101163
centrifuged_concrete,D1,"""PHC pile""",abstract_metadata,,2026-05-25T14:30:06.750917+00:00,ok,200,OK,unclear,https://api.elsevier.com/content/abstract/doi/10.1016%2Fj.applthermaleng.2024.124656,10000,9488,1,,,10.1016/j.applthermaleng.2024.124656
centrifuged_concrete,D1,"""PHC pile""",abstract_metadata,,2026-05-25T14:30:08.153674+00:00,ok,200,OK,unclear,https://api.elsevier.com/content/abstract/doi/10.1016%2Fj.renene.2024.121248,10000,9487,1,,,10.1016/j.renene.2024.121248
centrifuged_concrete,D1,"""centrifugal casting concrete""",abstract_metadata,,2026-05-25T14:30:09.665141+00:00,ok,200,OK,unclear,https://api.elsevier.com/content/abstract/doi/10.1016%2Fj.cemconcomp.2022.104473,10000,9486,1,,,10.1016/j.cemconcomp.2022.104473
centrifuged_concrete,D1,"""PHC pile""",abstract_metadata,,2026-05-25T14:30:10.726155+00:00,ok,200,OK,unclear,https://api.elsevier.com/content/abstract/doi/10.1016%2Fj.compgeo.2024.106713,10000,9485,1,,,10.1016/j.compgeo.2024.106713
centrifuged_concrete,D1,"""spun concrete""",abstract_metadata,,2026-05-25T14:30:13.225222+00:00,ok,200,OK,unclear,https://api.elsevier.com/content/abstract/doi/10.1016%2Fj.engfailanal.2022.106578,10000,9484,1,,,10.1016/j.engfailanal.2022.106578
centrifuged_concrete,D1,"""centrifugal casting concrete""",abstract_metadata,,2026-05-25T14:30:14.495213+00:00,ok,200,OK,unclear,https://api.elsevier.com/content/abstract/doi/10.1016%2Fj.cscm.2025.e05111,10000,9483,1,,,10.1016/j.cscm.2025.e05111
centrifuged_concrete,D1,"""PHC pile""",abstract_metadata,,2026-05-25T14:30:16.225431+00:00,ok,200,OK,unclear,https://api.elsevier.com/content/abstract/doi/10.1016%2Fj.engstruct.2022.114404,10000,9482,1,,,10.1016/j.engstruct.2022.114404
centrifuged_concrete,D1,"""prestressed high-strength concrete pipe pile""",abstract_metadata,,2026-05-25T14:30:17.523688+00:00,ok,200,OK,unclear,https://api.elsevier.com/content/abstract/doi/10.1016%2Fj.jobe.2023.106292,10000,9481,1,,,10.1016/j.jobe.2023.106292
centrifuged_concrete,D1,"""spun concrete""",abstract_metadata,,2026-05-25T14:30:21.358267+00:00,ok,200,OK,unclear,https://api.elsevier.com/content/abstract/doi/10.1016%2Fj.conbuildmat.2016.08.003,10000,9480,1,,,10.1016/j.conbuildmat.2016.08.003
centrifuged_concrete,D1,"""PHC pile""",abstract_metadata,,2026-05-25T14:30:23.415526+00:00,ok,200,OK,unclear,https://api.elsevier.com/content/abstract/doi/10.1016%2Fj.istruc.2026.111996,10000,9479,1,,,10.1016/j.istruc.2026.111996
centrifuged_concrete,D1,"""concrete pipe pile""",abstract_metadata,,2026-05-25T14:30:25.053891+00:00,ok,200,OK,unclear,https://api.elsevier.com/content/abstract/doi/10.1016%2Fj.conbuildmat.2022.126815,10000,9478,1,,,10.1016/j.conbuildmat.2022.126815
centrifuged_concrete,D1,"""concrete pipe pile""",abstract_metadata,,2026-05-25T14:30:28.163953+00:00,ok,200,OK,unclear,https://api.elsevier.com/content/abstract/doi/10.1007%2Fs12205-019-0192-1,10000,9477,1,,,10.1007/s12205-019-0192-1
centrifuged_concrete,D1,"""spun concrete""",abstract_metadata,,2026-05-25T14:30:30.260214+00:00,ok,200,OK,unclear,https://api.elsevier.com/content/abstract/doi/10.1016%2Fj.engstruct.2025.121071,10000,9476,1,,,10.1016/j.engstruct.2025.121071
centrifuged_concrete,D1,"""centrifuged concrete""",abstract_metadata,,2026-05-25T14:30:33.383488+00:00,ok,200,OK,unclear,https://api.elsevier.com/content/abstract/doi/10.1016%2Fj.istruc.2025.110821,10000,9475,1,,,10.1016/j.istruc.2025.110821
centrifuged_concrete,D1,"""PHC pile""",abstract_metadata,,2026-05-25T14:30:35.241492+00:00,ok,200,OK,unclear,https://api.elsevier.com/content/abstract/doi/10.1016%2Fj.jobe.2021.103812,10000,9474,1,,,10.1016/j.jobe.2021.103812
centrifuged_concrete,D1,"""spun concrete""",abstract_metadata,,2026-05-25T14:30:37.161511+00:00,ok,200,OK,unclear,https://api.elsevier.com/content/abstract/doi/10.1016%2Fj.conbuildmat.2023.133034,10000,9473,1,,,10.1016/j.conbuildmat.2023.133034
centrifuged_concrete,D1,"""centrifugally cast concrete""",abstract_metadata,,2026-05-25T14:30:39.189661+00:00,ok,200,OK,unclear,https://api.elsevier.com/content/abstract/doi/10.1016%2Fj.tust.2024.105813,10000,9472,1,,,10.1016/j.tust.2024.105813
centrifuged_concrete,D1,"""concrete pipe pile""",abstract_metadata,,2026-05-25T14:30:41.291770+00:00,ok,200,OK,unclear,https://api.elsevier.com/content/abstract/doi/10.1007%2Fs12205-015-0549-z,10000,9471,1,,,10.1007/s12205-015-0549-z
centrifuged_concrete,D1,"""PHC pile""",abstract_metadata,,2026-05-25T14:30:42.692879+00:00,failed,404,RESOURCE_NOT_FOUND - The resource specified cannot be found.,404 Client Error: Not Found for url: https://api.elsevier.com/content/abstract/doi/10.1016%2Fj.jrmge.2025.08.032,https://api.elsevier.com/content/abstract/doi/10.1016%2Fj.jrmge.2025.08.032,10000,9470,2,,,10.1016/j.jrmge.2025.08.032
centrifuged_concrete,D1,"""PHC pile""",abstract_metadata,,2026-05-25T14:30:43.806511+00:00,ok,200,OK,unclear,https://api.elsevier.com/content/abstract/doi/10.1016%2Fj.oceaneng.2026.124385,10000,9470,1,,,10.1016/j.oceaneng.2026.124385
centrifuged_concrete,D1,"""spun concrete""",abstract_metadata,,2026-05-25T14:30:46.360920+00:00,ok,200,OK,unclear,https://api.elsevier.com/content/abstract/doi/10.1016%2Fj.istruc.2021.10.052,10000,9469,1,,,10.1016/j.istruc.2021.10.052
centrifuged_concrete,D1,"""prestressed high-strength concrete pipe pile""",abstract_metadata,,2026-05-25T14:30:47.893073+00:00,ok,200,OK,unclear,https://api.elsevier.com/content/abstract/doi/10.1016%2Fj.oceaneng.2022.112025,10000,9468,1,,,10.1016/j.oceaneng.2022.112025
centrifuged_concrete,D1,"""spun concrete""",abstract_metadata,,2026-05-25T14:30:49.638435+00:00,ok,200,OK,unclear,https://api.elsevier.com/content/abstract/doi/10.1016%2Fj.soildyn.2022.107467,10000,9467,1,,,10.1016/j.soildyn.2022.107467
centrifuged_concrete,D1,"""centrifugal casting concrete""",abstract_metadata,,2026-05-25T14:30:51.328224+00:00,ok,200,OK,unclear,https://api.elsevier.com/content/abstract/doi/10.1016%2Fj.cscm.2026.e06121,10000,9466,1,,,10.1016/j.cscm.2026.e06121
centrifuged_concrete,D1,"""prestressed high-strength concrete pipe pile""",abstract_metadata,,2026-05-25T14:30:53.259063+00:00,ok,200,OK,unclear,https://api.elsevier.com/content/abstract/doi/10.1016%2Fj.jclepro.2019.05.241,10000,9465,1,,,10.1016/j.jclepro.2019.05.241
centrifuged_concrete,D1,"""PHC pile""",abstract_metadata,,2026-05-25T14:30:55.448569+00:00,ok,200,OK,unclear,https://api.elsevier.com/content/abstract/doi/10.1016%2Fj.pce.2025.104125,10000,9464,1,,,10.1016/j.pce.2025.104125
centrifuged_concrete,D1,"""prestressed high-strength concrete pipe pile""",abstract_metadata,,2026-05-25T14:30:56.766291+00:00,ok,200,OK,unclear,https://api.elsevier.com/content/abstract/doi/10.1016%2Fj.proeng.2017.11.051,10000,9463,1,,,10.1016/j.proeng.2017.11.051
centrifuged_concrete,D1,"""spun concrete""",abstract_metadata,,2026-05-25T14:30:57.791838+00:00,ok,200,OK,unclear,https://api.elsevier.com/content/abstract/doi/10.1016%2Fj.matpr.2022.06.048,10000,9462,1,,,10.1016/j.matpr.2022.06.048
centrifuged_concrete,D1,"""centrifuged concrete""",abstract_metadata,,2026-05-25T14:30:58.896866+00:00,ok,200,OK,unclear,https://api.elsevier.com/content/abstract/doi/10.1016%2Fj.conbuildmat.2024.138554,10000,9461,1,,,10.1016/j.conbuildmat.2024.138554
centrifuged_concrete,D1,"""PHC pile""",abstract_metadata,,2026-05-25T14:31:00.674571+00:00,ok,200,OK,unclear,https://api.elsevier.com/content/abstract/doi/10.1016%2Fj.conbuildmat.2023.133464,10000,9460,1,,,10.1016/j.conbuildmat.2023.133464
centrifuged_concrete,D1,"""spun concrete""",abstract_metadata,,2026-05-25T14:31:02.642618+00:00,ok,200,OK,unclear,https://api.elsevier.com/content/abstract/doi/10.1016%2Fj.istruc.2024.106979,10000,9459,1,,,10.1016/j.istruc.2024.106979
centrifuged_concrete,D1,"""PHC pile""",abstract_metadata,,2026-05-25T14:31:04.550383+00:00,ok,200,OK,unclear,https://api.elsevier.com/content/abstract/doi/10.1016%2Fj.jobe.2025.112709,10000,9458,1,,,10.1016/j.jobe.2025.112709
centrifuged_concrete,D1,"""concrete pipe pile""",abstract_metadata,,2026-05-25T14:31:06.197638+00:00,ok,200,OK,unclear,https://api.elsevier.com/content/abstract/doi/10.1016%2Fj.conbuildmat.2025.141451,10000,9457,1,,,10.1016/j.conbuildmat.2025.141451
centrifuged_concrete,D1,"""prestressed high-strength concrete pipe pile""",abstract_metadata,,2026-05-25T14:31:07.926671+00:00,ok,200,OK,unclear,https://api.elsevier.com/content/abstract/doi/10.1016%2Fj.kscej.2025.100218,10000,9456,1,,,10.1016/j.kscej.2025.100218
centrifuged_concrete,D1,"""PHC pile""",abstract_metadata,,2026-05-25T14:31:09.677514+00:00,ok,200,OK,unclear,https://api.elsevier.com/content/abstract/doi/10.1016%2Fj.engstruct.2024.118574,10000,9455,1,,,10.1016/j.engstruct.2024.118574
centrifuged_concrete,D1,"""spun concrete""",abstract_metadata,,2026-05-25T14:31:11.325927+00:00,ok,200,OK,unclear,https://api.elsevier.com/content/abstract/doi/10.1016%2Fj.istruc.2025.108547,10000,9454,1,,,10.1016/j.istruc.2025.108547
centrifuged_concrete,D1,"""PHC pile""",abstract_metadata,,2026-05-25T14:31:12.861798+00:00,ok,200,OK,unclear,https://api.elsevier.com/content/abstract/doi/10.1016%2Fj.sandf.2022.101203,10000,9453,1,,,10.1016/j.sandf.2022.101203
centrifuged_concrete,D1,"""PHC pile""",abstract_metadata,,2026-05-25T14:31:15.447781+00:00,ok,200,OK,unclear,https://api.elsevier.com/content/abstract/doi/10.1016%2Fj.jobe.2025.112633,10000,9452,1,,,10.1016/j.jobe.2025.112633
centrifuged_concrete,D1,"""centrifugally cast concrete""",abstract_metadata,,2026-05-25T14:31:17.231394+00:00,ok,200,OK,unclear,https://api.elsevier.com/content/abstract/doi/10.1016%2Fj.istruc.2023.02.107,10000,9451,1,,,10.1016/j.istruc.2023.02.107
centrifuged_concrete,D1,"""PHC pile""",abstract_metadata,,2026-05-25T14:31:20.296703+00:00,ok,200,OK,unclear,https://api.elsevier.com/content/abstract/doi/10.1016%2Fj.sandf.2021.05.006,10000,9450,1,,,10.1016/j.sandf.2021.05.006
centrifuged_concrete,D1,"""prestressed high-strength concrete pipe pile""",abstract_metadata,,2026-05-25T14:31:21.522256+00:00,ok,200,OK,unclear,https://api.elsevier.com/content/abstract/doi/10.1016%2Fj.soildyn.2023.108159,10000,9449,1,,,10.1016/j.soildyn.2023.108159
centrifuged_concrete,D1,"""prestressed high-strength concrete pipe pile""",abstract_metadata,,2026-05-25T14:31:22.993945+00:00,ok,200,OK,unclear,https://api.elsevier.com/content/abstract/doi/10.1016%2Fj.engstruct.2023.117211,10000,9448,1,,,10.1016/j.engstruct.2023.117211
centrifuged_concrete,D1,"""centrifugal forming technique"" concrete",abstract_metadata,,2026-05-25T14:31:24.515617+00:00,ok,200,OK,unclear,https://api.elsevier.com/content/abstract/doi/10.1016%2Fj.conbuildmat.2023.134140,10000,9447,1,,,10.1016/j.conbuildmat.2023.134140
centrifuged_concrete,D1,"""spun concrete""",abstract_metadata,,2026-05-25T14:31:26.001126+00:00,ok,200,OK,unclear,https://api.elsevier.com/content/abstract/doi/10.1016%2Fj.trpro.2025.12.016,10000,9446,1,,,10.1016/j.trpro.2025.12.016
centrifuged_concrete,D1,"""PHC pile""",abstract_metadata,,2026-05-25T14:31:27.240293+00:00,ok,200,OK,unclear,https://api.elsevier.com/content/abstract/doi/10.1016%2Fj.jobe.2023.106209,10000,9445,1,,,10.1016/j.jobe.2023.106209
centrifuged_concrete,D1,"""prestressed high-strength concrete pipe pile""",abstract_metadata,,2026-05-25T14:31:29.229863+00:00,ok,200,OK,unclear,https://api.elsevier.com/content/abstract/doi/10.1016%2Fj.soildyn.2025.109989,10000,9444,1,,,10.1016/j.soildyn.2025.109989
centrifuged_concrete,D1,"""centrifugally formed concrete""",abstract_metadata,,2026-05-25T14:31:31.049085+00:00,ok,200,OK,unclear,https://api.elsevier.com/content/abstract/doi/10.1016%2Fj.soildyn.2026.110326,10000,9443,1,,,10.1016/j.soildyn.2026.110326
centrifuged_concrete,D1,"""concrete pipe pile""",abstract_metadata,,2026-05-25T14:31:32.288080+00:00,ok,200,OK,unclear,https://api.elsevier.com/content/abstract/doi/10.1016%2Fj.conbuildmat.2024.138045,10000,9442,1,,,10.1016/j.conbuildmat.2024.138045
centrifuged_concrete,D1,"""PHC pile""",abstract_metadata,,2026-05-25T14:31:34.212309+00:00,ok,200,OK,unclear,https://api.elsevier.com/content/abstract/doi/10.1016%2Fj.est.2024.112840,10000,9441,1,,,10.1016/j.est.2024.112840
geotechnical_centrifuge_modeling,D2,"""centrifuge model test"" concrete",abstract_metadata,,2026-05-25T14:31:36.621942+00:00,ok,200,OK,unclear,https://api.elsevier.com/content/abstract/doi/10.1007%2Fs12205-019-0780-0,10000,9440,1,,,10.1007/s12205-019-0780-0
geotechnical_centrifuge_modeling,D2,"""geotechnical centrifuge modeling"" concrete",abstract_metadata,,2026-05-25T14:31:38.230091+00:00,ok,200,OK,unclear,https://api.elsevier.com/content/abstract/doi/10.3208%2Fsandf1972.33.3_80,10000,9439,1,,,10.3208/sandf1972.33.3_80
geotechnical_centrifuge_modeling,D2,"""concrete lining"" AND centrifuge",abstract_metadata,,2026-05-25T14:31:39.793845+00:00,ok,200,OK,unclear,https://api.elsevier.com/content/abstract/doi/10.1016%2Fj.tust.2021.103980,10000,9438,1,,,10.1016/j.tust.2021.103980
geotechnical_centrifuge_modeling,D2,"""centrifuge model test"" concrete",abstract_metadata,,2026-05-25T14:31:40.964455+00:00,ok,200,OK,unclear,https://api.elsevier.com/content/abstract/doi/10.1016%2Fj.tust.2024.105996,10000,9437,1,,,10.1016/j.tust.2024.105996
geotechnical_centrifuge_modeling,D2,"""centrifuge model test"" concrete",abstract_metadata,,2026-05-25T14:31:42.267445+00:00,ok,200,OK,unclear,https://api.elsevier.com/content/abstract/doi/10.1016%2Fj.soildyn.2022.107425,10000,9436,1,,,10.1016/j.soildyn.2022.107425
geotechnical_centrifuge_modeling,D2,"""centrifuge model test"" concrete",abstract_metadata,,2026-05-25T14:31:43.679119+00:00,ok,200,OK,unclear,https://api.elsevier.com/content/abstract/doi/10.1016%2Fj.sandf.2022.101148,10000,9435,1,,,10.1016/j.sandf.2022.101148
geotechnical_centrifuge_modeling,D2,"""geotechnical centrifuge modeling"" concrete",abstract_metadata,,2026-05-25T14:31:45.013768+00:00,ok,200,OK,unclear,https://api.elsevier.com/content/abstract/doi/10.1016%2Fj.trgeo.2025.101655,10000,9434,1,,,10.1016/j.trgeo.2025.101655
geotechnical_centrifuge_modeling,D2,"""shield tunnel"" AND centrifuge",abstract_metadata,,2026-05-25T14:31:46.280702+00:00,ok,200,OK,unclear,https://api.elsevier.com/content/abstract/doi/10.1016%2Fj.tust.2025.107389,10000,9433,1,,,10.1016/j.tust.2025.107389
geotechnical_centrifuge_modeling,D2,"""pile foundation"" AND centrifuge AND concrete",abstract_metadata,,2026-05-25T14:31:47.528269+00:00,ok,200,OK,unclear,https://api.elsevier.com/content/abstract/doi/10.1016%2Fj.marstruc.2022.103261,10000,9432,1,,,10.1016/j.marstruc.2022.103261
geotechnical_centrifuge_modeling,D2,"""geotechnical centrifuge test"" concrete",abstract_metadata,,2026-05-25T14:31:48.805938+00:00,ok,200,OK,unclear,https://api.elsevier.com/content/abstract/doi/10.1016%2Fj.tust.2021.104064,10000,9431,1,,,10.1016/j.tust.2021.104064
geotechnical_centrifuge_modeling,D2,"""centrifuge model test"" concrete",abstract_metadata,,2026-05-25T14:31:49.897135+00:00,ok,200,OK,unclear,https://api.elsevier.com/content/abstract/doi/10.1007%2Fs12205-021-0623-7,10000,9430,1,,,10.1007/s12205-021-0623-7
geotechnical_centrifuge_modeling,D2,"""pile foundation"" AND centrifuge AND concrete",abstract_metadata,,2026-05-25T14:31:51.321419+00:00,ok,200,OK,unclear,https://api.elsevier.com/content/abstract/doi/10.1016%2Fj.engstruct.2026.122728,10000,9429,1,,,10.1016/j.engstruct.2026.122728
geotechnical_centrifuge_modeling,D2,"""centrifuge model test"" concrete",abstract_metadata,,2026-05-25T14:31:52.689601+00:00,ok,200,OK,unclear,https://api.elsevier.com/content/abstract/doi/10.1016%2Fj.trgeo.2026.102016,10000,9428,1,,,10.1016/j.trgeo.2026.102016
geotechnical_centrifuge_modeling,D2,"""centrifuge model test"" concrete",abstract_metadata,,2026-05-25T14:31:53.844181+00:00,ok,200,OK,unclear,https://api.elsevier.com/content/abstract/doi/10.1016%2Fj.soildyn.2026.110154,10000,9427,1,,,10.1016/j.soildyn.2026.110154
geotechnical_centrifuge_modeling,D2,"""centrifuge model test"" concrete",abstract_metadata,,2026-05-25T14:31:54.990447+00:00,ok,200,OK,unclear,https://api.elsevier.com/content/abstract/doi/10.1016%2Fj.soildyn.2024.108575,10000,9426,1,,,10.1016/j.soildyn.2024.108575
geotechnical_centrifuge_modeling,D2,"""geotechnical centrifuge modeling"" concrete",abstract_metadata,,2026-05-25T14:31:57.548606+00:00,ok,200,OK,unclear,https://api.elsevier.com/content/abstract/doi/10.1016%2Fj.jobe.2026.115571,10000,9425,1,,,10.1016/j.jobe.2026.115571
geotechnical_centrifuge_modeling,D2,"""concrete lining"" AND centrifuge",abstract_metadata,,2026-05-25T14:31:58.718802+00:00,ok,200,OK,unclear,https://api.elsevier.com/content/abstract/doi/10.1016%2Fj.compgeo.2020.103813,10000,9424,1,,,10.1016/j.compgeo.2020.103813
geotechnical_centrifuge_modeling,D2,"""cross passage"" AND centrifuge",abstract_metadata,,2026-05-25T14:31:59.888886+00:00,ok,200,OK,unclear,https://api.elsevier.com/content/abstract/doi/10.1016%2Fj.tust.2021.104352,10000,9423,1,,,10.1016/j.tust.2021.104352
geotechnical_centrifuge_modeling,D2,"""geotechnical centrifuge test"" concrete",abstract_metadata,,2026-05-25T14:32:01.342678+00:00,ok,200,OK,unclear,https://api.elsevier.com/content/abstract/doi/10.1016%2Fj.trgeo.2025.101809,10000,9422,1,,,10.1016/j.trgeo.2025.101809
geotechnical_centrifuge_modeling,D2,"""centrifuge model test"" concrete",abstract_metadata,,2026-05-25T14:32:02.721565+00:00,ok,200,OK,unclear,https://api.elsevier.com/content/abstract/doi/10.1016%2Fj.soildyn.2025.109385,10000,9421,1,,,10.1016/j.soildyn.2025.109385
geotechnical_centrifuge_modeling,D2,"""pile foundation"" AND centrifuge AND concrete",abstract_metadata,,2026-05-25T14:32:04.696795+00:00,ok,200,OK,unclear,https://api.elsevier.com/content/abstract/doi/10.1016%2Fj.oceaneng.2020.108561,10000,9420,1,,,10.1016/j.oceaneng.2020.108561
geotechnical_centrifuge_modeling,D2,"""geotechnical centrifuge modeling"" concrete",abstract_metadata,,2026-05-25T14:32:06.163112+00:00,ok,200,OK,unclear,https://api.elsevier.com/content/abstract/doi/10.1016%2Fj.soildyn.2014.01.008,10000,9419,1,,,10.1016/j.soildyn.2014.01.008
geotechnical_centrifuge_modeling,D2,"""geotechnical centrifuge test"" concrete",abstract_metadata,,2026-05-25T14:32:07.660337+00:00,ok,200,OK,unclear,https://api.elsevier.com/content/abstract/doi/10.1016%2Fj.tust.2025.107206,10000,9418,1,,,10.1016/j.tust.2025.107206
geotechnical_centrifuge_modeling,D2,"""shield tunnel"" AND centrifuge",abstract_metadata,,2026-05-25T14:32:09.198832+00:00,ok,200,OK,unclear,https://api.elsevier.com/content/abstract/doi/10.1016%2Fj.tust.2025.106515,10000,9417,1,,,10.1016/j.tust.2025.106515
geotechnical_centrifuge_modeling,D2,"""shield tunnel"" AND centrifuge",abstract_metadata,,2026-05-25T14:32:10.609544+00:00,ok,200,OK,unclear,https://api.elsevier.com/content/abstract/doi/10.1016%2Fj.jrmge.2024.09.047,10000,9416,1,,,10.1016/j.jrmge.2024.09.047
geotechnical_centrifuge_modeling,D2,"""geotechnical centrifuge modeling"" concrete",abstract_metadata,,2026-05-25T14:32:11.788418+00:00,ok,200,OK,unclear,https://api.elsevier.com/content/abstract/doi/10.1016%2Fj.compgeo.2021.104477,10000,9415,1,,,10.1016/j.compgeo.2021.104477
gravity_cement_hydration,D3,"""cement hydration"" AND microgravity",abstract_metadata,,2026-05-25T14:32:13.454780+00:00,ok,200,OK,unclear,https://api.elsevier.com/content/abstract/doi/10.1016%2Fj.cemconres.2023.107232,10000,9414,1,,,10.1016/j.cemconres.2023.107232
gravity_cement_hydration,D3,"""cement hydration"" AND microgravity",abstract_metadata,,2026-05-25T14:32:14.891706+00:00,ok,200,OK,unclear,https://api.elsevier.com/content/abstract/doi/10.1016%2Fj.conbuildmat.2015.05.074,10000,9413,1,,,10.1016/j.conbuildmat.2015.05.074
high_gravity_carbonation_mineralization,D4,"""high gravity carbonation""",abstract_metadata,,2026-05-25T14:32:16.604231+00:00,ok,200,OK,unclear,https://api.elsevier.com/content/abstract/doi/10.1016%2Fj.jhazmat.2012.05.021,10000,9412,1,,,10.1016/j.jhazmat.2012.05.021
high_gravity_carbonation_mineralization,D4,"""rotating packed bed"" AND carbonation",abstract_metadata,,2026-05-25T14:32:17.852384+00:00,ok,200,OK,unclear,https://api.elsevier.com/content/abstract/doi/10.1016%2Fj.cep.2025.110509,10000,9411,1,,,10.1016/j.cep.2025.110509
high_gravity_carbonation_mineralization,D4,"""rotating packed bed"" AND carbonation",abstract_metadata,,2026-05-25T14:32:20.523652+00:00,ok,200,OK,unclear,https://api.elsevier.com/content/abstract/doi/10.1016%2Fj.jhazmat.2013.06.052,10000,9410,1,,,10.1016/j.jhazmat.2013.06.052
high_gravity_carbonation_mineralization,D4,"""rotating packed bed"" AND carbonation",abstract_metadata,,2026-05-25T14:32:21.667272+00:00,ok,200,OK,unclear,https://api.elsevier.com/content/abstract/doi/10.1016%2Fj.apenergy.2013.07.035,10000,9409,1,,,10.1016/j.apenergy.2013.07.035
high_gravity_carbonation_mineralization,D4,"""rotating packed bed"" AND carbonation",abstract_metadata,,2026-05-25T14:32:24.359722+00:00,ok,200,OK,unclear,https://api.elsevier.com/content/abstract/doi/10.1016%2Fj.egypro.2014.11.244,10000,9408,1,,,10.1016/j.egypro.2014.11.244
high_gravity_carbonation_mineralization,D4,"""high gravity carbonation""",abstract_metadata,,2026-05-25T14:32:25.886209+00:00,ok,200,OK,unclear,https://api.elsevier.com/content/abstract/doi/10.1016%2Fj.jcou.2024.102985,10000,9407,1,,,10.1016/j.jcou.2024.102985
high_gravity_carbonation_mineralization,D4,"""high gravity carbonation""",abstract_metadata,,2026-05-25T14:32:27.253839+00:00,ok,200,OK,unclear,https://api.elsevier.com/content/abstract/doi/10.1016%2Fj.apenergy.2015.03.047,10000,9406,1,,,10.1016/j.apenergy.2015.03.047
high_gravity_carbonation_mineralization,D4,"""accelerated carbonation"" AND ""recycled concrete fines""",abstract_metadata,,2026-05-25T14:32:28.447140+00:00,ok,200,OK,unclear,https://api.elsevier.com/content/abstract/doi/10.1016%2Fj.cemconcomp.2025.106267,10000,9405,1,,,10.1016/j.cemconcomp.2025.106267
high_gravity_carbonation_mineralization,D4,"""accelerated carbonation"" AND ""cement paste""",abstract_metadata,,2026-05-25T14:32:29.899642+00:00,ok,200,OK,unclear,https://api.elsevier.com/content/abstract/doi/10.1016%2Fj.cemconres.2025.108050,10000,9404,1,,,10.1016/j.cemconres.2025.108050
high_gravity_carbonation_mineralization,D4,"""accelerated carbonation"" AND ""cement paste""",abstract_metadata,,2026-05-25T14:32:31.641036+00:00,ok,200,OK,unclear,https://api.elsevier.com/content/abstract/doi/10.1016%2Fj.conbuildmat.2019.07.088,10000,9403,1,,,10.1016/j.conbuildmat.2019.07.088
high_gravity_carbonation_mineralization,D4,"""accelerated carbonation"" AND ""cement paste""",abstract_metadata,,2026-05-25T14:32:33.097779+00:00,ok,200,OK,unclear,https://api.elsevier.com/content/abstract/doi/10.1016%2Fj.jcou.2022.101885,10000,9402,1,,,10.1016/j.jcou.2022.101885
high_gravity_carbonation_mineralization,D4,"""high gravity carbonation""",abstract_metadata,,2026-05-25T14:32:34.403657+00:00,ok,200,OK,unclear,https://api.elsevier.com/content/abstract/doi/10.1016%2Fj.cemconcomp.2025.106177,10000,9401,1,,,10.1016/j.cemconcomp.2025.106177
high_gravity_carbonation_mineralization,D4,"""accelerated carbonation"" AND ""cement paste""",abstract_metadata,,2026-05-25T14:32:36.517795+00:00,ok,200,OK,unclear,https://api.elsevier.com/content/abstract/doi/10.1016%2Fj.cemconcomp.2022.104763,10000,9400,1,,,10.1016/j.cemconcomp.2022.104763
high_gravity_carbonation_mineralization,D4,"""CO2 mineralization"" AND cement",abstract_metadata,,2026-05-25T14:32:37.943618+00:00,ok,200,OK,unclear,https://api.elsevier.com/content/abstract/doi/10.1016%2Fj.conbuildmat.2024.137712,10000,9399,1,,,10.1016/j.conbuildmat.2024.137712
high_gravity_carbonation_mineralization,D4,"""CO2 mineralization"" AND cement",abstract_metadata,,2026-05-25T14:32:40.848900+00:00,ok,200,OK,unclear,https://api.elsevier.com/content/abstract/doi/10.1016%2Fj.nxsust.2026.100327,10000,9398,1,,,10.1016/j.nxsust.2026.100327
high_gravity_carbonation_mineralization,D4,"""high gravity carbonation""",abstract_metadata,,2026-05-25T14:32:43.496079+00:00,ok,200,OK,unclear,https://api.elsevier.com/content/abstract/doi/10.1016%2Fj.gete.2026.100816,10000,9397,1,,,10.1016/j.gete.2026.100816
high_gravity_carbonation_mineralization,D4,"""CO2 mineralization"" AND cement",abstract_metadata,,2026-05-25T14:32:44.860897+00:00,ok,200,OK,unclear,https://api.elsevier.com/content/abstract/doi/10.1016%2Fj.ccst.2024.100343,10000,9396,1,,,10.1016/j.ccst.2024.100343
high_gravity_carbonation_mineralization,D4,"""carbonation curing"" AND cementitious",abstract_metadata,,2026-05-25T14:32:46.199135+00:00,ok,200,OK,unclear,https://api.elsevier.com/content/abstract/doi/10.1016%2Fj.cscm.2026.e05875,10000,9395,1,,,10.1016/j.cscm.2026.e05875
high_gravity_carbonation_mineralization,D4,"""high gravity carbonation""",abstract_metadata,,2026-05-25T14:32:47.671666+00:00,ok,200,OK,unclear,https://api.elsevier.com/content/abstract/doi/10.1016%2Fj.jobe.2026.116065,10000,9394,1,,,10.1016/j.jobe.2026.116065
high_gravity_carbonation_mineralization,D4,"""accelerated carbonation"" AND ""recycled concrete fines""",abstract_metadata,,2026-05-25T14:32:49.008712+00:00,ok,200,OK,unclear,https://api.elsevier.com/content/abstract/doi/10.1016%2Fj.jcou.2026.103367,10000,9393,1,,,10.1016/j.jcou.2026.103367
high_gravity_carbonation_mineralization,D4,"""rotating packed bed"" AND ""calcium hydroxide""",abstract_metadata,,2026-05-25T14:32:51.707092+00:00,failed,404,RESOURCE_NOT_FOUND - The resource specified cannot be found.,404 Client Error: Not Found for url: https://api.elsevier.com/content/abstract/doi/10.1016%2Fb978-0-12-823418-1.00008-1,https://api.elsevier.com/content/abstract/doi/10.1016%2Fb978-0-12-823418-1.00008-1,10000,9392,2,,,10.1016/b978-0-12-823418-1.00008-1
high_gravity_carbonation_mineralization,D4,"""accelerated carbonation"" AND ""recycled concrete fines""",abstract_metadata,,2026-05-25T14:32:53.309810+00:00,ok,200,OK,unclear,https://api.elsevier.com/content/abstract/doi/10.1016%2Fj.conbuildmat.2025.144434,10000,9392,1,,,10.1016/j.conbuildmat.2025.144434
high_gravity_carbonation_mineralization,D4,"""carbonation curing"" AND cementitious",abstract_metadata,,2026-05-25T14:32:54.884343+00:00,ok,200,OK,unclear,https://api.elsevier.com/content/abstract/doi/10.1016%2Fj.dibe.2024.100397,10000,9391,1,,,10.1016/j.dibe.2024.100397
high_gravity_carbonation_mineralization,D4,"""CO2 mineralization"" AND cement",abstract_metadata,,2026-05-25T14:32:56.582830+00:00,ok,200,OK,unclear,https://api.elsevier.com/content/abstract/doi/10.1016%2Fj.cej.2026.173606,10000,9390,1,,,10.1016/j.cej.2026.173606
high_gravity_carbonation_mineralization,D4,"""carbonation curing"" AND cementitious",abstract_metadata,,2026-05-25T14:32:58.076232+00:00,ok,200,OK,unclear,https://api.elsevier.com/content/abstract/doi/10.1016%2Fj.scp.2025.102299,10000,9389,1,,,10.1016/j.scp.2025.102299
high_gravity_carbonation_mineralization,D4,"""high gravity carbonation""",abstract_metadata,,2026-05-25T14:32:59.428295+00:00,ok,200,OK,unclear,https://api.elsevier.com/content/abstract/doi/10.1016%2Fj.jobe.2026.115986,10000,9388,1,,,10.1016/j.jobe.2026.115986
high_gravity_carbonation_mineralization,D4,"""CO2 mineralization"" AND cement",abstract_metadata,,2026-05-25T14:33:00.794433+00:00,ok,200,OK,unclear,https://api.elsevier.com/content/abstract/doi/10.1016%2Fj.cscm.2025.e05080,10000,9387,1,,,10.1016/j.cscm.2025.e05080
high_gravity_carbonation_mineralization,D4,"""accelerated carbonation"" AND ""cement paste""",abstract_metadata,,2026-05-25T14:33:02.348626+00:00,ok,200,OK,unclear,https://api.elsevier.com/content/abstract/doi/10.1016%2Fj.dibe.2024.100545,10000,9386,1,,,10.1016/j.dibe.2024.100545
high_gravity_carbonation_mineralization,D4,"""carbonation curing"" AND cementitious",abstract_metadata,,2026-05-25T14:33:03.686377+00:00,ok,200,OK,unclear,https://api.elsevier.com/content/abstract/doi/10.1016%2Fj.cemconcomp.2024.105769,10000,9385,1,,,10.1016/j.cemconcomp.2024.105769
high_gravity_carbonation_mineralization,D4,"""accelerated carbonation"" AND ""cement paste""",abstract_metadata,,2026-05-25T14:33:05.630823+00:00,ok,200,OK,unclear,https://api.elsevier.com/content/abstract/doi/10.1016%2Fj.envpol.2021.116914,10000,9384,1,,,10.1016/j.envpol.2021.116914
high_gravity_carbonation_mineralization,D4,"""accelerated carbonation"" AND ""cement paste""",abstract_metadata,,2026-05-25T14:33:07.024603+00:00,ok,200,OK,unclear,https://api.elsevier.com/content/abstract/doi/10.1016%2Fj.cemconcomp.2025.106259,10000,9383,1,,,10.1016/j.cemconcomp.2025.106259
high_gravity_carbonation_mineralization,D4,"""CO2 mineralisation"" AND cement",abstract_metadata,,2026-05-25T14:33:08.680116+00:00,ok,200,OK,unclear,https://api.elsevier.com/content/abstract/doi/10.1016%2Fj.jcou.2024.102913,10000,9382,1,,,10.1016/j.jcou.2024.102913
high_gravity_carbonation_mineralization,D4,"""high gravity carbonation""",abstract_metadata,,2026-05-25T14:33:10.136505+00:00,ok,200,OK,unclear,https://api.elsevier.com/content/abstract/doi/10.1016%2Fj.dibe.2026.100905,10000,9381,1,,,10.1016/j.dibe.2026.100905
high_gravity_carbonation_mineralization,D4,"""CO2 mineralisation"" AND cement",abstract_metadata,,2026-05-25T14:33:11.628320+00:00,ok,200,OK,unclear,https://api.elsevier.com/content/abstract/doi/10.1016%2Fj.conbuildmat.2024.137389,10000,9380,1,,,10.1016/j.conbuildmat.2024.137389
high_gravity_carbonation_mineralization,D4,"""accelerated carbonation"" AND ""recycled concrete fines""",abstract_metadata,,2026-05-25T14:33:13.191689+00:00,ok,200,OK,unclear,https://api.elsevier.com/content/abstract/doi/10.1016%2Fj.cemconres.2022.106967,10000,9379,1,,,10.1016/j.cemconres.2022.106967
high_gravity_carbonation_mineralization,D4,"""accelerated carbonation"" AND ""recycled concrete fines""",abstract_metadata,,2026-05-25T14:33:14.669792+00:00,ok,200,OK,unclear,https://api.elsevier.com/content/abstract/doi/10.1016%2Fj.cemconres.2023.107338,10000,9378,1,,,10.1016/j.cemconres.2023.107338
high_gravity_carbonation_mineralization,D4,"""accelerated carbonation"" AND ""recycled concrete fines""",abstract_metadata,,2026-05-25T14:33:16.428301+00:00,ok,200,OK,unclear,https://api.elsevier.com/content/abstract/doi/10.1016%2Fj.jece.2023.109796,10000,9377,1,,,10.1016/j.jece.2023.109796
high_gravity_carbonation_mineralization,D4,"""CO2 mineralization"" AND cement",abstract_metadata,,2026-05-25T14:33:18.070762+00:00,ok,200,OK,unclear,https://api.elsevier.com/content/abstract/doi/10.1016%2Fj.conbuildmat.2026.146588,10000,9376,1,,,10.1016/j.conbuildmat.2026.146588
high_gravity_carbonation_mineralization,D4,"""CO2 mineralization"" AND cement",abstract_metadata,,2026-05-25T14:33:20.011519+00:00,ok,200,OK,unclear,https://api.elsevier.com/content/abstract/doi/10.1016%2Fj.trgeo.2025.101697,10000,9375,1,,,10.1016/j.trgeo.2025.101697
high_gravity_carbonation_mineralization,D4,"""carbonation curing"" AND cementitious",abstract_metadata,,2026-05-25T14:33:21.635561+00:00,ok,200,OK,unclear,https://api.elsevier.com/content/abstract/doi/10.1016%2Fj.conbuildmat.2025.140908,10000,9374,1,,,10.1016/j.conbuildmat.2025.140908
high_gravity_carbonation_mineralization,D4,"""carbonation curing"" AND cementitious",abstract_metadata,,2026-05-25T14:33:24.657959+00:00,ok,200,OK,unclear,https://api.elsevier.com/content/abstract/doi/10.1016%2Fj.dibe.2025.100805,10000,9373,1,,,10.1016/j.dibe.2025.100805
high_gravity_carbonation_mineralization,D4,"""high gravity carbonation""",abstract_metadata,,2026-05-25T14:33:26.013600+00:00,ok,200,OK,unclear,https://api.elsevier.com/content/abstract/doi/10.1016%2Fj.jclepro.2016.02.072,10000,9372,1,,,10.1016/j.jclepro.2016.02.072
high_gravity_carbonation_mineralization,D4,"""high gravity carbonation""",abstract_metadata,,2026-05-25T14:33:27.243357+00:00,ok,200,OK,unclear,https://api.elsevier.com/content/abstract/doi/10.1016%2Fj.jece.2025.117004,10000,9371,1,,,10.1016/j.jece.2025.117004
high_gravity_carbonation_mineralization,D4,"""accelerated carbonation"" AND ""recycled concrete fines""",abstract_metadata,,2026-05-25T14:33:28.891093+00:00,ok,200,OK,unclear,https://api.elsevier.com/content/abstract/doi/10.1016%2Fj.jobe.2022.104526,10000,9370,1,,,10.1016/j.jobe.2022.104526
high_gravity_carbonation_mineralization,D4,"""accelerated carbonation"" AND ""cement paste""",abstract_metadata,,2026-05-25T14:33:30.163870+00:00,ok,200,OK,unclear,https://api.elsevier.com/content/abstract/doi/10.1016%2Fj.cemconres.2014.10.003,10000,9369,1,,,10.1016/j.cemconres.2014.10.003
high_gravity_carbonation_mineralization,D4,"""high gravity carbonation""",abstract_metadata,,2026-05-25T14:33:31.324298+00:00,ok,200,OK,unclear,https://api.elsevier.com/content/abstract/doi/10.1016%2Fj.dibe.2026.100936,10000,9368,1,,,10.1016/j.dibe.2026.100936
high_gravity_carbonation_mineralization,D4,"""high gravity carbonation""",abstract_metadata,,2026-05-25T14:33:32.746560+00:00,ok,200,OK,unclear,https://api.elsevier.com/content/abstract/doi/10.1016%2Fj.diamond.2026.113704,10000,9367,1,,,10.1016/j.diamond.2026.113704
high_gravity_carbonation_mineralization,D4,"""carbonation curing"" AND cementitious",abstract_metadata,,2026-05-25T14:33:34.201032+00:00,ok,200,OK,unclear,https://api.elsevier.com/content/abstract/doi/10.1016%2Fj.conbuildmat.2026.145571,10000,9366,1,,,10.1016/j.conbuildmat.2026.145571
high_gravity_carbonation_mineralization,D4,"""accelerated carbonation"" AND ""cement paste""",abstract_metadata,,2026-05-25T14:33:35.723920+00:00,ok,200,OK,unclear,https://api.elsevier.com/content/abstract/doi/10.1016%2Fj.cemconres.2019.03.025,10000,9365,1,,,10.1016/j.cemconres.2019.03.025
high_gravity_carbonation_mineralization,D4,"""carbonation curing"" AND cementitious",abstract_metadata,,2026-05-25T14:33:36.836131+00:00,ok,200,OK,unclear,https://api.elsevier.com/content/abstract/doi/10.1016%2Fj.cscm.2026.e06048,10000,9364,1,,,10.1016/j.cscm.2026.e06048
high_gravity_carbonation_mineralization,D4,"""carbonation curing"" AND cementitious",abstract_metadata,,2026-05-25T14:33:38.114237+00:00,ok,200,OK,unclear,https://api.elsevier.com/content/abstract/doi/10.1016%2Fj.conbuildmat.2026.146329,10000,9363,1,,,10.1016/j.conbuildmat.2026.146329
high_gravity_carbonation_mineralization,D4,"""accelerated carbonation"" AND ""cement paste""",abstract_metadata,,2026-05-25T14:33:39.866866+00:00,ok,200,OK,unclear,https://api.elsevier.com/content/abstract/doi/10.1016%2Fj.cemconres.2025.107898,10000,9362,1,,,10.1016/j.cemconres.2025.107898
high_gravity_carbonation_mineralization,D4,"""accelerated carbonation"" AND ""recycled concrete fines""",abstract_metadata,,2026-05-25T14:33:41.401815+00:00,ok,200,OK,unclear,https://api.elsevier.com/content/abstract/doi/10.1016%2Fj.conbuildmat.2025.143094,10000,9361,1,,,10.1016/j.conbuildmat.2025.143094
high_gravity_carbonation_mineralization,D4,"""accelerated carbonation"" AND ""recycled concrete fines""",abstract_metadata,,2026-05-25T14:33:42.923614+00:00,ok,200,OK,unclear,https://api.elsevier.com/content/abstract/doi/10.1016%2Fj.cemconres.2024.107654,10000,9360,1,,,10.1016/j.cemconres.2024.107654
high_gravity_carbonation_mineralization,D4,"""accelerated carbonation"" AND ""cement paste""",abstract_metadata,,2026-05-25T14:33:44.679628+00:00,ok,200,OK,unclear,https://api.elsevier.com/content/abstract/doi/10.1016%2Fj.conbuildmat.2025.140106,10000,9359,1,,,10.1016/j.conbuildmat.2025.140106
high_gravity_carbonation_mineralization,D4,"""accelerated carbonation"" AND ""cement paste""",abstract_metadata,,2026-05-25T14:33:46.214178+00:00,ok,200,OK,unclear,https://api.elsevier.com/content/abstract/doi/10.1016%2Fj.conbuildmat.2014.12.017,10000,9358,1,,,10.1016/j.conbuildmat.2014.12.017
high_gravity_carbonation_mineralization,D4,"""accelerated carbonation"" AND ""cement paste""",abstract_metadata,,2026-05-25T14:33:47.376405+00:00,ok,200,OK,unclear,https://api.elsevier.com/content/abstract/doi/10.1016%2Fj.cemconcomp.2023.105103,10000,9357,1,,,10.1016/j.cemconcomp.2023.105103
high_gravity_carbonation_mineralization,D4,"""CO2 mineralization"" AND cement",abstract_metadata,,2026-05-25T14:33:49.400389+00:00,failed,404,RESOURCE_NOT_FOUND - The resource specified cannot be found.,404 Client Error: Not Found for url: https://api.elsevier.com/content/abstract/doi/10.1016%2Fj.rineng.2026.111142,https://api.elsevier.com/content/abstract/doi/10.1016%2Fj.rineng.2026.111142,10000,9356,2,,,10.1016/j.rineng.2026.111142
high_gravity_carbonation_mineralization,D4,"""carbonation curing"" AND cementitious",abstract_metadata,,2026-05-25T14:33:50.458944+00:00,ok,200,OK,unclear,https://api.elsevier.com/content/abstract/doi/10.1016%2Fj.cemconcomp.2026.106674,10000,9356,1,,,10.1016/j.cemconcomp.2026.106674
high_gravity_carbonation_mineralization,D4,"""carbonation curing"" AND cementitious",abstract_metadata,,2026-05-25T14:33:51.853519+00:00,ok,200,OK,unclear,https://api.elsevier.com/content/abstract/doi/10.1016%2Fj.jobe.2026.116151,10000,9355,1,,,10.1016/j.jobe.2026.116151
high_gravity_carbonation_mineralization,D4,"""CO2 mineralisation"" AND cement",abstract_metadata,,2026-05-25T14:33:53.238824+00:00,ok,200,OK,unclear,https://api.elsevier.com/content/abstract/doi/10.1016%2Fj.cemconcomp.2024.105767,10000,9354,1,,,10.1016/j.cemconcomp.2024.105767
high_gravity_carbonation_mineralization,D4,"""high gravity carbonation""",abstract_metadata,,2026-05-25T14:33:54.829394+00:00,ok,200,OK,unclear,https://api.elsevier.com/content/abstract/doi/10.1016%2Fj.jcou.2026.103329,10000,9353,1,,,10.1016/j.jcou.2026.103329
high_gravity_carbonation_mineralization,D4,"""CO2 mineralization"" AND cement",abstract_metadata,,2026-05-25T14:33:56.053937+00:00,ok,200,OK,unclear,https://api.elsevier.com/content/abstract/doi/10.1016%2Fj.conbuildmat.2025.144153,10000,9352,1,,,10.1016/j.conbuildmat.2025.144153
high_gravity_carbonation_mineralization,D4,"""accelerated carbonation"" AND ""cement paste""",abstract_metadata,,2026-05-25T14:33:57.329045+00:00,ok,200,OK,unclear,https://api.elsevier.com/content/abstract/doi/10.1016%2Fj.conbuildmat.2025.145086,10000,9351,1,,,10.1016/j.conbuildmat.2025.145086
high_gravity_carbonation_mineralization,D4,"""carbonation curing"" AND cementitious",abstract_metadata,,2026-05-25T14:33:59.524429+00:00,ok,200,OK,unclear,https://api.elsevier.com/content/abstract/doi/10.1016%2Fj.cemconcomp.2026.106553,10000,9350,1,,,10.1016/j.cemconcomp.2026.106553
high_gravity_carbonation_mineralization,D4,"""high gravity carbonation""",abstract_metadata,,2026-05-25T14:34:01.898524+00:00,ok,200,OK,unclear,https://api.elsevier.com/content/abstract/doi/10.1016%2Fj.cemconres.2025.107913,10000,9349,1,,,10.1016/j.cemconres.2025.107913
high_gravity_carbonation_mineralization,D4,"""CO2 mineralization"" AND cement",abstract_metadata,,2026-05-25T14:34:03.278159+00:00,ok,200,OK,unclear,https://api.elsevier.com/content/abstract/doi/10.1016%2Fj.scp.2025.102099,10000,9348,1,,,10.1016/j.scp.2025.102099
high_gravity_carbonation_mineralization,D4,"""carbonation curing"" AND cementitious",abstract_metadata,,2026-05-25T14:34:05.668058+00:00,ok,200,OK,unclear,https://api.elsevier.com/content/abstract/doi/10.1016%2Fj.conbuildmat.2025.140724,10000,9347,1,,,10.1016/j.conbuildmat.2025.140724
high_gravity_carbonation_mineralization,D4,"""CO2 mineralisation"" AND cement",abstract_metadata,,2026-05-25T14:34:07.299046+00:00,ok,200,OK,unclear,https://api.elsevier.com/content/abstract/doi/10.1016%2Fj.jece.2023.111746,10000,9346,1,,,10.1016/j.jece.2023.111746
high_gravity_carbonation_mineralization,D4,"""accelerated carbonation"" AND ""cement paste""",abstract_metadata,,2026-05-25T14:34:08.650312+00:00,ok,200,OK,unclear,https://api.elsevier.com/content/abstract/doi/10.1016%2Fj.cemconres.2024.107713,10000,9345,1,,,10.1016/j.cemconres.2024.107713
high_gravity_carbonation_mineralization,D4,"""CO2 mineralisation"" AND cement",abstract_metadata,,2026-05-25T14:34:10.294836+00:00,ok,200,OK,unclear,https://api.elsevier.com/content/abstract/doi/10.1016%2Fj.cemconcomp.2023.105357,10000,9344,1,,,10.1016/j.cemconcomp.2023.105357
high_gravity_carbonation_mineralization,D4,"""CO2 mineralization"" AND cement",abstract_metadata,,2026-05-25T14:34:12.165757+00:00,ok,200,OK,unclear,https://api.elsevier.com/content/abstract/doi/10.1016%2Fj.conbuildmat.2025.140225,10000,9343,1,,,10.1016/j.conbuildmat.2025.140225
high_gravity_carbonation_mineralization,D4,"""carbonation curing"" AND cementitious",abstract_metadata,,2026-05-25T14:34:13.614598+00:00,ok,200,OK,unclear,https://api.elsevier.com/content/abstract/doi/10.1016%2Fj.conbuildmat.2026.145113,10000,9342,1,,,10.1016/j.conbuildmat.2026.145113
high_gravity_carbonation_mineralization,D4,"""high gravity carbonation""",abstract_metadata,,2026-05-25T14:34:15.183820+00:00,ok,200,OK,unclear,https://api.elsevier.com/content/abstract/doi/10.1016%2Fj.jece.2026.123217,10000,9341,1,,,10.1016/j.jece.2026.123217
high_gravity_carbonation_mineralization,D4,"""accelerated carbonation"" AND ""cement paste""",abstract_metadata,,2026-05-25T14:34:16.386664+00:00,ok,200,OK,unclear,https://api.elsevier.com/content/abstract/doi/10.1016%2Fj.conbuildmat.2025.142433,10000,9340,1,,,10.1016/j.conbuildmat.2025.142433
high_gravity_carbonation_mineralization,D4,"""accelerated carbonation"" AND ""cement paste""",abstract_metadata,,2026-05-25T14:34:17.808859+00:00,ok,200,OK,unclear,https://api.elsevier.com/content/abstract/doi/10.1016%2Fj.cemconcomp.2022.104642,10000,9339,1,,,10.1016/j.cemconcomp.2022.104642
high_gravity_carbonation_mineralization,D4,"""accelerated carbonation"" AND ""recycled concrete fines""",abstract_metadata,,2026-05-25T14:34:19.642519+00:00,ok,200,OK,unclear,https://api.elsevier.com/content/abstract/doi/10.1016%2Fj.cemconres.2023.107284,10000,9338,1,,,10.1016/j.cemconres.2023.107284
high_gravity_carbonation_mineralization,D4,"""CO2 mineralization"" AND cement",abstract_metadata,,2026-05-25T14:34:21.277638+00:00,ok,200,OK,unclear,https://api.elsevier.com/content/abstract/doi/10.1016%2Fj.wasman.2026.115407,10000,9337,1,,,10.1016/j.wasman.2026.115407
high_gravity_carbonation_mineralization,D4,"""high gravity carbonation""",abstract_metadata,,2026-05-25T14:34:22.530163+00:00,ok,200,OK,unclear,https://api.elsevier.com/content/abstract/doi/10.1016%2Fj.grets.2026.100344,10000,9336,1,,,10.1016/j.grets.2026.100344
high_gravity_carbonation_mineralization,D4,"""high gravity carbonation""",abstract_metadata,,2026-05-25T14:34:23.899874+00:00,ok,200,OK,unclear,https://api.elsevier.com/content/abstract/doi/10.1016%2Fj.conbuildmat.2026.146393,10000,9335,1,,,10.1016/j.conbuildmat.2026.146393
high_gravity_carbonation_mineralization,D4,"""accelerated carbonation"" AND ""cement paste""",abstract_metadata,,2026-05-25T14:34:25.259958+00:00,ok,200,OK,unclear,https://api.elsevier.com/content/abstract/doi/10.1016%2Fj.mtcomm.2019.05.007,10000,9334,1,,,10.1016/j.mtcomm.2019.05.007
